,Titles,Prices,Evaluations,Numbers of evaluators,Urls
0,J'arrête le sucre en 20 jours,"16,50€","4,4",17,https://www.amazon.fr//gp/slredirect/picassoRedirect.html/ref=pa_sp_atf_next_aps_sr_pg2_1?ie=UTF8&adId=A05489616JY3GVJGFZJG&url=%2FJarr%25C3%25AAte-sucre-en-20-jours%2Fdp%2F2359345486%2Fref%3Dsr_1_49_sspa%3Fdchild%3D1%26keywords%3Dlivre%2Bminceur%26qid%3D1618311655%26sr%3D8-49-spons%26psc%3D1&qualifier=1618311655&id=1100589649723491&widgetName=sp_atf_next
1,La pâtisserie : Place à la gourmandise !,"21,99€","4,1",6,https://www.amazon.fr//gp/slredirect/picassoRedirect.html/ref=pa_sp_atf_next_aps_sr_pg2_1?ie=UTF8&adId=A02802571SPUIJW4BPP83&url=%2Fp%25C3%25A2tisserie-Place-%25C3%25A0-gourmandise%2Fdp%2F2322252387%2Fref%3Dsr_1_50_sspa%3Fdchild%3D1%26keywords%3Dlivre%2Bminceur%26qid%3D1618311655%26sr%3D8-50-spons%26psc%3D1&qualifier=1618311655&id=1100589649723491&widgetName=sp_atf_next
2,Régime À Faible Teneur En Glucides + Plan De Repas: Plus De 60 Recettes Faciles Pour Perdre Du Poids - Enfin Brûler Les Graisses Et Retrouver La Santé (Low Carb Cookbook French Book),"19,95€","3,9",102,https://www.amazon.fr//gp/slredirect/picassoRedirect.html/ref=pa_sp_atf_next_aps_sr_pg2_1?ie=UTF8&adId=A09997301W4QRSJGZHTWQ&url=%2FR%25C3%25A9gime-Faible-Teneur-Glucides-Repas%2Fdp%2F177435120X%2Fref%3Dsr_1_51_sspa%3Fdchild%3D1%26keywords%3Dlivre%2Bminceur%26qid%3D1618311655%26sr%3D8-51-spons%26psc%3D1&qualifier=1618311655&id=1100589649723491&widgetName=sp_atf_next
3,Mincir sainement avec le régime Okinawa: Les secrets pour vivre en forme jusqu'à 100 ans et plus - Inclus 21 recettes minceur,"8,99€","3,8",17,https://www.amazon.fr//gp/slredirect/picassoRedirect.html/ref=pa_sp_atf_next_aps_sr_pg2_1?ie=UTF8&adId=A05700721AVAGC5DVRBS&url=%2FMincir-sainement-avec-r%25C3%25A9gime-Okinawa%2Fdp%2F1533650438%2Fref%3Dsr_1_52_sspa%3Fdchild%3D1%26keywords%3Dlivre%2Bminceur%26qid%3D1618311655%26sr%3D8-52-spons%26psc%3D1&qualifier=1618311655&id=1100589649723491&widgetName=sp_atf_next
4,Dash minceur,"18,00€","4,2",336,https://www.amazon.fr//Dash-minceur-Anne-Dufour/dp/B07XW7DHKV/ref=sr_1_53?dchild=1&keywords=livre+minceur&qid=1618311655&sr=8-53
5,"80 Recettes lights au Cookéo: Gardez la ligne avec ces 80 recettes lights au Cookeo, salées et sucrées. Découvrez-les dès maintenant !","9,89€","4,6",396,https://www.amazon.fr//Recettes-lights-Cook%C3%A9o-D%C3%A9couvrez-maintenant/dp/170038919X/ref=sr_1_54?dchild=1&keywords=livre+minceur&qid=1618311655&sr=8-54
6,Cuisiner light avec thermomix,"29,95€","3,7",17,https://www.amazon.fr//Cuisiner-light-thermomix-B%C3%A9reng%C3%A8re-Abraham/dp/203595486X/ref=sr_1_55?dchild=1&keywords=livre+minceur&qid=1618311655&sr=8-55
7,Bowlfood Minceur - Mes petites recettes à index glycémiques bas,"14,90€","3,8",101,https://www.amazon.fr//Bowlfood-Minceur-petites-recettes-glyc%C3%A9miques/dp/2359344749/ref=sr_1_56?dchild=1&keywords=livre+minceur&qid=1618311655&sr=8-56
8,Petit Livre de - 120 recettes vapeur et minceur,"16,00€","3,7",46,https://www.amazon.fr//Petit-Livre-recettes-vapeur-minceur/dp/2754073787/ref=sr_1_57?dchild=1&keywords=livre+minceur&qid=1618311655&sr=8-57
9,La Grande Cuisine Minceur,"11,90€","3,9",48,https://www.amazon.fr//Grande-Cuisine-Minceur-Michel-GU%C3%89RARD/dp/2221112970/ref=sr_1_58?dchild=1&keywords=livre+minceur&qid=1618311655&sr=8-58
10,52 semaines de minceur : Vos menus pour toute l'année,"7,91€","4,3",47,https://www.amazon.fr//52-semaines-minceur-menus-lann%C3%A9e/dp/2253165611/ref=sr_1_59?dchild=1&keywords=livre+minceur&qid=1618311655&sr=8-59
11,Huiles essentielles spécial minceur: Un programme naturel de 21 jours,"7,95€","3,7",44,https://www.amazon.fr//Huiles-essentielles-sp%C3%A9cial-minceur-programme/dp/2226398694/ref=sr_1_60?dchild=1&keywords=livre+minceur&qid=1618311655&sr=8-60
12,SMOOTHIES POUR PERDRE DU POIDS : 37 RECETTES FACILES POUR PERDRE DU POIDS EN SE FAISANT PLAISIR,"12,00€","4,6",32,https://www.amazon.fr//SMOOTHIES-POUR-PERDRE-DU-POIDS/dp/B086Y4DX76/ref=sr_1_61?dchild=1&keywords=livre+minceur&qid=1618311655&sr=8-61
13,AGENDA MINCEUR 90 Jours: Journal alimentaire et d’activité sportive à compléter pendant 90 jours - Cahier de suivi de régime journalier - journal alimentaire calorique et sportif,"6,95€","4,2",74,https://www.amazon.fr//AGENDA-MINCEUR-Jours-alimentaire-journalier/dp/B08FB17JC3/ref=sr_1_62?dchild=1&keywords=livre+minceur&qid=1618311655&sr=8-62
14,Mes recettes détox super gourmandes,"9,90€","4,4",30,https://www.amazon.fr//Mes-recettes-d%C3%A9tox-super-gourmandes/dp/2360981501/ref=sr_1_63?dchild=1&keywords=livre+minceur&qid=1618311655&sr=8-63
15,Cuisine minceur - super facile,"9,58€","4,2",125,https://www.amazon.fr//Cuisine-minceur-facile-V%C3%A9ronique-LIEGEOIS/dp/2263146482/ref=sr_1_64?dchild=1&keywords=livre+minceur&qid=1618311655&sr=8-64
16,Mon cahier OBJECTIF minceur printemps-été,"11,92€","3,8",79,https://www.amazon.fr//Mon-cahier-OBJECTIF-minceur-printemps-%C3%A9t%C3%A9/dp/2263154833/ref=sr_1_65?dchild=1&keywords=livre+minceur&qid=1618311655&sr=8-65
17,Régime Keto: Découvrez 105 recettes cétogènes délicieuses et inratables !,"16,90€","4,6",1 001,https://www.amazon.fr//R%C3%A9gime-Keto-D%C3%A9couvrez-d%C3%A9licieuses-inratables/dp/B08ZF5SG9C/ref=sr_1_66?dchild=1&keywords=livre+minceur&qid=1618311655&sr=8-66
18,Recettes Weight Watchers: Des recettes faciles simples et équilibrées calculées avec la méthode de points Weight Watchers.,"16,95€","4,4",45,https://www.amazon.fr//Recettes-Weight-Watchers-%C3%A9quilibr%C3%A9es-calcul%C3%A9es/dp/B08CWM86DF/ref=sr_1_67?dchild=1&keywords=livre+minceur&qid=1618311655&sr=8-67
19,Agenda Minceur 365 jours: Agenda minceur et forme pour le suivi de votre régime ou de votre rééquilibrage alimentaire | Cahier minceur à compléter ... 1 an | Carnet alimentaire femme ou homme,"23,00€","4,6",1 032,https://www.amazon.fr//Agenda-Minceur-365-jours-r%C3%A9%C3%A9quilibrage/dp/B091WM9JDF/ref=sr_1_68?dchild=1&keywords=livre+minceur&qid=1618311655&sr=8-68
20,Le grand livre de l'extracteur de jus: 300 recettes pour faire le plein de vitamines,"7,99€","4,2",30,https://www.amazon.fr//grand-livre-lextracteur-jus-vitamines/dp/2035948177/ref=sr_1_69?dchild=1&keywords=livre+minceur&qid=1618311655&sr=8-69
21,Ma bible de la naturopathie - Spécial minceur,"11,90€","4,7",63,https://www.amazon.fr//Ma-bible-naturopathie-sp%C3%A9cial-minceur/dp/B07NHQVDV6/ref=sr_1_70?dchild=1&keywords=livre+minceur&qid=1618311655&sr=8-70
22,Recettes mini budget avec cookeo (Moulinex D&T),"19,95€","3,0",14,https://www.amazon.fr//Recettes-mini-budget-cookeo-Moulinex-ebook/dp/B07MTCSN3S/ref=sr_1_71?dchild=1&keywords=livre+minceur&qid=1618311655&sr=8-71
23,Calendrier 365 recettes légères Marmiton - L'Année à Bloc,"12,50€","3,5",2,https://www.amazon.fr//Ann%C3%A9e-Bloc-recettes-l%C3%A9g%C3%A8res-Marmiton/dp/2809658048/ref=sr_1_72?dchild=1&keywords=livre+minceur&qid=1618311655&sr=8-72
24,Recettes light inratables !,"14,90€","3,7",88,https://www.amazon.fr//Recettes-light-inratables-No%C3%A9mie-Strouk/dp/203593396X/ref=sr_1_73?dchild=1&keywords=livre+minceur&qid=1618311655&sr=8-73
25,Comment perdre 10kg en 14 jours avec le régime Thonon: une méthode efficace et rapide pour perdre du poids,"8,00€","3,9",60,https://www.amazon.fr//Comment-perdre-jours-r%C3%A9gime-Thonon/dp/B089M1H3XC/ref=sr_1_74?dchild=1&keywords=livre+minceur&qid=1618311655&sr=8-74
26,Les soupes minceur,"11,90€","3,8",395,https://www.amazon.fr//soupes-minceur-Philippe-Chavanne/dp/2359345575/ref=sr_1_75?dchild=1&keywords=livre+minceur&qid=1618311655&sr=8-75
27,Régime IG - Perdez 3 kilos dès la première semaine,"6,98€","3,7",30,https://www.amazon.fr//R%C3%A9gime-IG-Perdez-premi%C3%A8re-semaine/dp/2359344765/ref=sr_1_76?dchild=1&keywords=livre+minceur&qid=1618311655&sr=8-76
28,"Jeûne Intermittent: Perdre du poids, améliorer votre santé et vivre longtemps","5,49€","4,4",322,https://www.amazon.fr//gp/slredirect/picassoRedirect.html/ref=pa_sp_mtf_aps_sr_pg2_1?ie=UTF8&adId=A0000312SSNNLDGMOADZ&url=%2FJe%25C3%25BBne-Intermittent-Perdre-am%25C3%25A9liorer-longtemps%2Fdp%2FB08DC5VYXK%2Fref%3Dsr_1_77_sspa%3Fdchild%3D1%26keywords%3Dlivre%2Bminceur%26qid%3D1618311655%26sr%3D8-77-spons%26psc%3D1&qualifier=1618311655&id=1100589649723491&widgetName=sp_mtf
29,"Recettes cétogène: 77 recettes délicieuses – Petit-déjeuner, déjeuner, dîner, smoothies, desserts","12,00€","4,5",282,https://www.amazon.fr//gp/slredirect/picassoRedirect.html/ref=pa_sp_mtf_aps_sr_pg2_1?ie=UTF8&adId=A016745426KKQ3ON62MXE&url=%2FRecettes-c%25C3%25A9tog%25C3%25A8ne-d%25C3%25A9licieuses-Petit-d%25C3%25A9jeuner-smoothies%2Fdp%2F1975651472%2Fref%3Dsr_1_78_sspa%3Fdchild%3D1%26keywords%3Dlivre%2Bminceur%26qid%3D1618311655%26sr%3D8-78-spons%26psc%3D1&qualifier=1618311655&id=1100589649723491&widgetName=sp_mtf
30,"Pourquoi je mange ?: Méthode minceur Nouvelle édition ! confinement, grignotage, revoir son alimentation et perdre du poids (Pourquoi je mange, méthode minceur t. 1)","9,95€","4,3",356,https://www.amazon.fr//gp/slredirect/picassoRedirect.html/ref=pa_sp_mtf_aps_sr_pg2_1?ie=UTF8&adId=A07235621UP6SBQNFN0YD&url=%2FPourquoi-mange-confinement-grignotage-alimentation-ebook%2Fdp%2FB081Z5JPLH%2Fref%3Dsr_1_79_sspa%3Fdchild%3D1%26keywords%3Dlivre%2Bminceur%26qid%3D1618311655%26sr%3D8-79-spons%26psc%3D1&qualifier=1618311655&id=1100589649723491&widgetName=sp_mtf
31,Gâteaux et douceurs à indice glycémique bas,"19,90€","3,5",31,https://www.amazon.fr//G%C3%A2teaux-douceurs-%C3%A0-IG-bas/dp/2360981994/ref=sr_1_80?dchild=1&keywords=livre+minceur&qid=1618311655&sr=8-80
32,Plats du soir avec cookeo,"8,94€","4,3",42,https://www.amazon.fr//Plats-du-soir-avec-cookeo/dp/2295008891/ref=sr_1_81?dchild=1&keywords=livre+minceur&qid=1618311655&sr=8-81
33,La Méthode hépato-détox: Mincir durablement et sans danger grâce au foie,"9,95€","4,4",95,https://www.amazon.fr//R%C3%A9gime-h%C3%A9pato-d%C3%A9tox-Mincir-durablement-danger/dp/2226440984/ref=sr_1_82?dchild=1&keywords=livre+minceur&qid=1618311655&sr=8-82
34,"Recettes Light au Thermomix: Des Recettes allégées et légères au Thermomix, simples et fiables à réaliser avec votre TM6, TM5 ou TM31.","9,90€","4,3",156,https://www.amazon.fr//Recettes-Light-Thermomix-all%C3%A9g%C3%A9es-r%C3%A9aliser/dp/B08D4VS7PC/ref=sr_1_83?dchild=1&keywords=livre+minceur&qid=1618311655&sr=8-83
35,Aliments à calories négatives & autres ingrédients minceur,"7,95€","4,4",92,https://www.amazon.fr//Aliments-calories-n%C3%A9gatives-ingr%C3%A9dients-minceur/dp/2035945143/ref=sr_1_84?dchild=1&keywords=livre+minceur&qid=1618311655&sr=8-84
36,Mon Cahier de Recettes,"7,99€","4,6",259,https://www.amazon.fr//Mon-Cahier-Recettes-St%C3%A9phanie-JOUAN/dp/2263155848/ref=sr_1_85?dchild=1&keywords=livre+minceur&qid=1618311655&sr=8-85
37,150 recettes light au robot-cuiseur,"12,90€","4,3",392,https://www.amazon.fr//150-recettes-light-au-robot-cuiseur/dp/2412042756/ref=sr_1_86?dchild=1&keywords=livre+minceur&qid=1618311655&sr=8-86
38,Pilates,"7,95€","3,9",3,https://www.amazon.fr//Pilates-Bakary-Sissako/dp/2013919409/ref=sr_1_87?dchild=1&keywords=livre+minceur&qid=1618311655&sr=8-87
39,"La cuisine à IG bas, c'est bon pour moi !","6,93€","4,7",346,https://www.amazon.fr//cuisine-bas-cest-bon-pour/dp/2035972493/ref=sr_1_88?dchild=1&keywords=livre+minceur&qid=1618311655&sr=8-88
40,Simplissime - Les recettes au cuit-vapeur les + faciles du monde,"13,90€","4,7",3 253,https://www.amazon.fr//Simplissime-recettes-cuit-vapeur-faciles-monde/dp/2019497859/ref=sr_1_89?dchild=1&keywords=livre+minceur&qid=1618311655&sr=8-89
41,Carnet suivi perte de poids | Fitness Edition - 365 jours suivi simple et efficace : Suivre chaque jour l’évolution de vos objectifs minceur ou santé,"19,95€","4,5",1 213,https://www.amazon.fr//Carnet-suivi-perte-poids-Fitness/dp/B08HGNS644/ref=sr_1_90?dchild=1&keywords=livre+minceur&qid=1618311655&sr=8-90
42,Mes recettes gourmandes et healthy par FatSecretFrance,"7,99€","4,3",225,https://www.amazon.fr//Mes-recettes-gourmandes-healthy-FatSecretFrance/dp/2263170588/ref=sr_1_91?dchild=1&keywords=livre+minceur&qid=1618311655&sr=8-91
43,La bible officielle du cookeo: 200 recettes incontournables pour cuisiner au quotidien,"6,95€","4,2",62,https://www.amazon.fr//bible-officielle-cookeo-incontournables-quotidien/dp/2035961025/ref=sr_1_92?dchild=1&keywords=livre+minceur&qid=1618311655&sr=8-92
44,Le grand livre de l'alimentation cétogène (Guides pratiques),"9,90€","4,2",390,https://www.amazon.fr//grand-livre-lalimentation-c%C3%A9tog%C3%A8ne-GUI-PRAT-ebook/dp/B076BP9741/ref=sr_1_93?dchild=1&keywords=livre+minceur&qid=1618311655&sr=8-93
45,Mes recettes light au Cookeo - super facile,"6,00€","5,0",1,https://www.amazon.fr//Mes-recettes-light-Cookeo-facile/dp/2263169466/ref=sr_1_94?dchild=1&keywords=livre+minceur&qid=1618311655&sr=8-94
46,Mon cahier Objectif zéro sucre en 12 semaines,"5,99€","4,0",4,https://www.amazon.fr//cahier-Objectif-z%C3%A9ro-sucre-semaines/dp/2263157778/ref=sr_1_95?dchild=1&keywords=livre+minceur&qid=1618311655&sr=8-95
47,Mes petites recettes magiques 100% jus détox,"8,99€","3,9",102,https://www.amazon.fr//petites-recettes-magiques-100-d%C3%A9tox/dp/B078FFX769/ref=sr_1_96?dchild=1&keywords=livre+minceur&qid=1618311655&sr=8-96
48,Agenda Minceur - 98 jours de suivi: Journal alimentaire et d’activité sportive - Cahier de suivi de régime : Planificateur semaine - Suivi journalier ... de votre perte de poids (désign élégant),"4,99€","4,3",213,https://www.amazon.fr//Agenda-Minceur-alimentaire-Planificateur-journalier/dp/B08731CQ23/ref=sr_1_97?dchild=1&keywords=livre+minceur&qid=1618311655&sr=8-97
49,Agenda Minceur 90 jours: Journal alimentaire et carnet de suivi sportif | Cahier minceur à compléter chaque jour pour le suivi de votre régime ou de votre rééquilibrage alimentaire,"19,95€","4,4",213,https://www.amazon.fr//Agenda-Minceur-jours-alimentaire-r%C3%A9%C3%A9quilibrage/dp/B08RYCLQN1/ref=sr_1_98?dchild=1&keywords=livre+minceur&qid=1618311655&sr=8-98
50,Mincir sainement avec le régime Okinawa: Les secrets pour vivre en forme jusqu’à 100 ans et plus - Inclus 21 recettes minceur,"22,00€","1,0",1,https://www.amazon.fr//Mincir-sainement-avec-r%C3%A9gime-Okinawa-ebook/dp/B01B4MIVXU/ref=sr_1_99?dchild=1&keywords=livre+minceur&qid=1618311655&sr=8-99
51,"En 1 heure, je cuisine mes lunchs box pour toute la semaine","9,40€","3,8",123,https://www.amazon.fr//heure-cuisine-lunchs-toute-semaine/dp/2017084581/ref=sr_1_100?dchild=1&keywords=livre+minceur&qid=1618311655&sr=8-100
52,Les secrets de la cuisine à indice glycémique bas,"6,10€","4,0",19,https://www.amazon.fr//secrets-cuisine-IG-bas-silhouette/dp/2360982435/ref=sr_1_101?dchild=1&keywords=livre+minceur&qid=1618311655&sr=8-101
53,"MES 100 RECETTES CUISINE RAPIDE MINCEUR - A compléter, cuisiner et savourer: Livre de recettes à écrire soi-même I Carnet & Cahier I Idée cadeau I ... I Maigrir I Mincir I Perdre du poid I","6,99€","3,8",123,https://www.amazon.fr//MES-RECETTES-CUISINE-RAPIDE-MINCEUR/dp/B08BWFVXZL/ref=sr_1_102?dchild=1&keywords=livre+minceur&qid=1618311655&sr=8-102
54,"mon agenda minceur: livre agenda minceur pour 90 jours suivi de regime reequilibrage alimentaire croq,completer la motivation,recette,et menu, ... pour perte de poids maigrir pour regime femme","5,99€","4,4",457,https://www.amazon.fr//mon-agenda-minceur-reequilibrage-alimentaire/dp/B08Y9FL7PH/ref=sr_1_103?dchild=1&keywords=livre+minceur&qid=1618311655&sr=8-103
55,Régime Cétogène: Challenge 14 jours,"24,90€","5,0",3,https://www.amazon.fr//gp/slredirect/picassoRedirect.html/ref=pa_sp_btf_aps_sr_pg2_1?ie=UTF8&adId=A0614319J4QOF4PZECTJ&url=%2FR%25C3%25A9gime-C%25C3%25A9tog%25C3%25A8ne-Challenge-14-jours%2Fdp%2F1975651332%2Fref%3Dsr_1_104_sspa%3Fdchild%3D1%26keywords%3Dlivre%2Bminceur%26qid%3D1618311655%26sr%3D8-104-spons%26psc%3D1&qualifier=1618311655&id=1100589649723491&widgetName=sp_btf
56,Indélébile,"5,99€","4,4",316,https://www.amazon.fr//gp/slredirect/picassoRedirect.html/ref=pa_sp_btf_aps_sr_pg2_1?ie=UTF8&adId=A08577951H0M45L2A2MZW&url=%2FInd%25C3%25A9l%25C3%25A9bile-Val%25C3%25A9rie-Anvers-ebook%2Fdp%2FB08T3NHBY5%2Fref%3Dsr_1_105_sspa%3Fdchild%3D1%26keywords%3Dlivre%2Bminceur%26qid%3D1618311655%26sr%3D8-105-spons%26psc%3D1&qualifier=1618311655&id=1100589649723491&widgetName=sp_btf
57,Régime Cétogène: Challenge 14 jours,"16,90€","4,3",176,https://www.amazon.fr//gp/slredirect/picassoRedirect.html/ref=pa_sp_atf_next_aps_sr_pg3_1?ie=UTF8&adId=A06062833T6SN7BOI2YFC&url=%2FR%25C3%25A9gime-C%25C3%25A9tog%25C3%25A8ne-Challenge-14-jours-ebook%2Fdp%2FB074YPJLGL%2Fref%3Dsr_1_97_sspa%3Fdchild%3D1%26keywords%3Dlivre%2Bminceur%26qid%3D1618311657%26sr%3D8-97-spons%26psc%3D1&qualifier=1618311657&id=3130462482982887&widgetName=sp_atf_next
58,"Mon planificateur de menus: Organise, suis et planifie tes menus de la semaine : Un journal, carnet de bord, agenda et suivi alimentaire sur 52 ... de courses : Couverture de légumes 2148","7,99€","3,8",60,https://www.amazon.fr//gp/slredirect/picassoRedirect.html/ref=pa_sp_atf_next_aps_sr_pg3_1?ie=UTF8&adId=A0090306154S4H6EJQFMA&url=%2FMon-planificateur-menus-alimentaire-Couverture%2Fdp%2F1700812149%2Fref%3Dsr_1_98_sspa%3Fdchild%3D1%26keywords%3Dlivre%2Bminceur%26qid%3D1618311657%26sr%3D8-98-spons%26psc%3D1&qualifier=1618311657&id=3130462482982887&widgetName=sp_atf_next
59,Pourquoi je mange ? Mon cahier planning minceur: Mettre en pratique la méthode chez soi,"6,99€","4,3",8,https://www.amazon.fr//gp/slredirect/picassoRedirect.html/ref=pa_sp_atf_next_aps_sr_pg3_1?ie=UTF8&adId=A01838223575MM24KP0PK&url=%2FPourquoi-mange-cahier-planning-minceur%2Fdp%2FB08DSYQ7S9%2Fref%3Dsr_1_99_sspa%3Fdchild%3D1%26keywords%3Dlivre%2Bminceur%26qid%3D1618311657%26sr%3D8-99-spons%26psc%3D1&qualifier=1618311657&id=3130462482982887&widgetName=sp_atf_next
60,"Mon planificateur de menus: Organise, suis et planifie tes menus de la semaine : Un journal, carnet de bord, agenda et suivi alimentaire sur 52 ... de courses : Couverture de fruits 2292","8,99€","4,4",35,https://www.amazon.fr//gp/slredirect/picassoRedirect.html/ref=pa_sp_atf_next_aps_sr_pg3_1?ie=UTF8&adId=A00905501RO36SCA2065K&url=%2FMon-planificateur-menus-alimentaire-Couverture%2Fdp%2F1700812297%2Fref%3Dsr_1_100_sspa%3Fdchild%3D1%26keywords%3Dlivre%2Bminceur%26qid%3D1618311657%26sr%3D8-100-spons%26psc%3D1&qualifier=1618311657&id=3130462482982887&widgetName=sp_atf_next
61,230 recettes gourmandes pour mincir sur mesure,"7,90€","4,5",99,https://www.amazon.fr//recettes-gourmandes-pour-mincir-mesure/dp/2226241558/ref=sr_1_101?dchild=1&keywords=livre+minceur&qid=1618311657&sr=8-101
62,Régime Keto pour débutants: Défi de 21 jours pour convertir votre corps en une machine à brûler les graisses pour vivre plus sainement + 75 Recettes Cétogènes Adaptées (Régime Cétogène),"9,40€","4,4",316,https://www.amazon.fr//R%C3%A9gime-Keto-pour-d%C3%A9butants-convertir/dp/1713287668/ref=sr_1_102?dchild=1&keywords=livre+minceur&qid=1618311657&sr=8-102
63,"Mes Recettes de Jus de Légumes Minceur: Livre recette extracteur de jus a remplir pour detox, jeune, cuisiner simple ou pour le plaisir du gout. ... pour maigrir ou manger léger | 100 recettes","5,99€","3,9",6,https://www.amazon.fr//Mes-Recettes-Jus-L%C3%A9gumes-Minceur/dp/B08KQXLW5D/ref=sr_1_103?dchild=1&keywords=livre+minceur&qid=1618311657&sr=8-103
64,"Les Mots Mêlés du Vin: livre de jeu sur le vin (AOPs, cépages, régions viticoles, lexique, etc.)","15,90€","4,4",133,https://www.amazon.fr//Mots-M%C3%AAl%C3%A9s-Vin-c%C3%A9pages-viticoles/dp/B08KKH19LL/ref=sr_1_104?dchild=1&keywords=livre+minceur&qid=1618311657&sr=8-104
65,Mon cahier minceur printemps-été,"6,95€","4,5",344,https://www.amazon.fr//cahier-minceur-printemps-%C3%A9t%C3%A9-H%C3%A9l%C3%A8ne-DEFRETIN/dp/226317043X/ref=sr_1_105?dchild=1&keywords=livre+minceur&qid=1618311657&sr=8-105
66,"MES 100 RECETTES GRAINES DE CHIA MINCEUR - A compléter, cuisiner et savourer: Livre de recettes à écrire soi-même I Carnet & Cahier I Idée cadeau I ... I Bypass I gastroplastie I sleeve I mixée","9,95€","5,0",1,https://www.amazon.fr//RECETTES-GRAINES-CHIA-MINCEUR-gastroplastie/dp/B08BW8M2RQ/ref=sr_1_106?dchild=1&keywords=livre+minceur&qid=1618311657&sr=8-106
67,"Petit Livre de - Minceur 2019 - Calories, glucides, lipides... Plus de 3 600 aliments décryptés","6,99€","4,0",107,https://www.amazon.fr//Petit-Livre-Calories-glucides-d%C3%A9crypt%C3%A9s/dp/2412042713/ref=sr_1_107?dchild=1&keywords=livre+minceur&qid=1618311657&sr=8-107
68,"Mon planificateur de menus: Organise, suis et planifie tes menus de la semaine : Un journal, carnet de bord, agenda et suivi alimentaire sur 52 ... de courses : Couverture de fruits 2292","18,00€","4,4",420,https://www.amazon.fr//Mon-planificateur-menus-alimentaire-Couverture/dp/1700812297/ref=sr_1_108?dchild=1&keywords=livre+minceur&qid=1618311657&sr=8-108
69,I love la cuisine minceur,"5,49€","4,3",931,https://www.amazon.fr//love-cuisine-minceur-Val%C3%A9ry-GUEDES/dp/2263160817/ref=sr_1_109?dchild=1&keywords=livre+minceur&qid=1618311657&sr=8-109
70,Plats sains préparés en moins de 10 minutes - super facile,"19,95€","4,3",84,https://www.amazon.fr//Plats-sains-pr%C3%A9par%C3%A9s-moins-minutes/dp/2263159983/ref=sr_1_110?dchild=1&keywords=livre+minceur&qid=1618311657&sr=8-110
71,Mangez sain mangez bien avec Cookeo,"9,99€","5,0",1,https://www.amazon.fr//Mangez-sain-mangez-bien-Cookeo/dp/2035955173/ref=sr_1_111?dchild=1&keywords=livre+minceur&qid=1618311657&sr=8-111
72,"Mes Recettes de Jus de Légumes Minceur: Livre recette extracteur de jus a remplir pour detox, jeune, cuisiner simple ou pour le plaisir du gout. ... pour maigrir ou manger léger | 100 recettes","7,90€","4,5",185,https://www.amazon.fr//Mes-Recettes-Jus-L%C3%A9gumes-Minceur/dp/B08KQVY7HN/ref=sr_1_112?dchild=1&keywords=livre+minceur&qid=1618311657&sr=8-112
73,Le meilleur régime du monde: Le meilleur régime du monde : Dietary Approaches to Stop Hypertension,"7,85€","3,7",403,https://www.amazon.fr//DASH-meilleur-Dietary-Approaches-Hypertension/dp/B011QKRTIS/ref=sr_1_113?dchild=1&keywords=livre+minceur&qid=1618311657&sr=8-113
74,Salades complètes les plus faciles du monde (Simplissime),"7,99€","4,5",350,https://www.amazon.fr//Salades-compl%C3%A8tes-faciles-monde-Simplissime-ebook/dp/B07K6WNCP5/ref=sr_1_114?dchild=1&keywords=livre+minceur&qid=1618311657&sr=8-114
75,En 2H je cuisine light pour toute la semaine,"7,95€","4,3",112,https://www.amazon.fr//cuisine-light-pour-toute-semaine/dp/2017059757/ref=sr_1_115?dchild=1&keywords=livre+minceur&qid=1618311657&sr=8-115
76,"MES 100 RECETTES HEALTHY MINCEUR - A compléter, cuisiner et savourer: Livre de recettes à écrire soi-même I Carnet & Cahier I Idée cadeau I Noël I ... I Amaigrissant I Maigrir I Mincir I Régimes I","5,99€","3,8",7,https://www.amazon.fr//MES-100-RECETTES-HEALTHY-MINCEUR/dp/B08BWGWL65/ref=sr_1_116?dchild=1&keywords=livre+minceur&qid=1618311657&sr=8-116
77,Mon cahier forme et minceur après bébé,"4,99€","4,3",45,https://www.amazon.fr//cahier-forme-minceur-apr%C3%A8s-b%C3%A9b%C3%A9/dp/2263154361/ref=sr_1_117?dchild=1&keywords=livre+minceur&qid=1618311657&sr=8-117
78,"Mon cahier bowl cake: Répertoire de vos recettes + 100 fiches illustrées et faciles à remplir pour la préparation de vos Bow Cakes  - gourmandise healthy - taille A4 = 21 x 29,7 cm","9,95€","3,6",88,https://www.amazon.fr//Mon-cahier-bowl-cake-pr%C3%A9paration/dp/B0863QDBNY/ref=sr_1_118?dchild=1&keywords=livre+minceur&qid=1618311657&sr=8-118
79,Eaux détox,"7,90€","5,0",1,https://www.amazon.fr//Eaux-d%C3%A9tox-Jessie-Kanelos-Weiner/dp/2501115139/ref=sr_1_119?dchild=1&keywords=livre+minceur&qid=1618311657&sr=8-119
80,"Le Régime de la Thyroïde: Comment booster votre énergie, perdre du poids et activer votre métabolisme tout en maintenant l'équilibre hormonal","2,99€","3,4",11,https://www.amazon.fr//R%C3%A9gime-Thyro%C3%AFde-m%C3%A9tabolisme-maintenant-l%C3%A9quilibre/dp/B087637DNL/ref=sr_1_120?dchild=1&keywords=livre+minceur&qid=1618311657&sr=8-120
81,"Le Minceur: Plus de 100 pages - Moins de Kilo - Livre de Recettes à Remplir - 8,5 × 11 pouces - Un Grand Format pour Maigrir","5,99€","4,5",292,https://www.amazon.fr//Minceur-Recettes-Remplir-pouces-Maigrir/dp/B08924C48N/ref=sr_1_121?dchild=1&keywords=livre+minceur&qid=1618311657&sr=8-121
82,Jeûne Intermittent - Carnet à compléter: 120 jours de suivi Fasting et perte de poids | Liste de courses et compteur de calories inclus | 140 pages format poche,"12,90€","3,8",395,https://www.amazon.fr//Je%C3%BBne-Intermittent-compl%C3%A9ter-compteur-calories/dp/B08XL9QFBB/ref=sr_1_122?dchild=1&keywords=livre+minceur&qid=1618311657&sr=8-122
83,Companion recettes légères,"8,99€","4,1",198,https://www.amazon.fr//Companion-recettes-l%C3%A9g%C3%A8res-Coralie-Ferreira/dp/2035961122/ref=sr_1_123?dchild=1&keywords=livre+minceur&qid=1618311657&sr=8-123
84,Le cahier anti-kilos d'une ex-grosse,"6,89€","4,3",13,https://www.amazon.fr//cahier-anti-kilos-dune-ex-grosse/dp/2035905648/ref=sr_1_124?dchild=1&keywords=livre+minceur&qid=1618311657&sr=8-124
85,Le Meilleur de la Cuisine Coréenne: Délicieux plats traditionnels d'Asie selon des recettes originales et modernes. La cuisine asiatique rapide et légère - Le meilleur de la cuisine asiatique,"7,99€","4,1",309,https://www.amazon.fr//gp/slredirect/picassoRedirect.html/ref=pa_sp_mtf_aps_sr_pg3_1?ie=UTF8&adId=A017772927WH16TJJNQ98&url=%2FMeilleur-Cuisine-Cor%25C3%25A9enne-traditionnels-originales-ebook%2Fdp%2FB08LNRZ1M4%2Fref%3Dsr_1_125_sspa%3Fdchild%3D1%26keywords%3Dlivre%2Bminceur%26qid%3D1618311657%26sr%3D8-125-spons%26psc%3D1&qualifier=1618311657&id=3130462482982887&widgetName=sp_mtf
86,"Mon planificateur de menus: Organise, suis et planifie tes menus de la semaine : Un journal, carnet de bord, agenda et suivi alimentaire sur 52 ... de courses : Couverture à rayures 2346","9,95€","4,5",521,https://www.amazon.fr//gp/slredirect/picassoRedirect.html/ref=pa_sp_mtf_aps_sr_pg3_1?ie=UTF8&adId=A00903942HDWLQWKEV2W3&url=%2FMon-planificateur-menus-alimentaire-Couverture%2Fdp%2F1700812343%2Fref%3Dsr_1_126_sspa%3Fdchild%3D1%26keywords%3Dlivre%2Bminceur%26qid%3D1618311657%26sr%3D8-126-spons%26psc%3D1&qualifier=1618311657&id=3130462482982887&widgetName=sp_mtf
87,Régime Cétogène: Guide pratique pour perdre du poids et rester en forme grâce au Régime Keto,"9,39€","3,9",101,https://www.amazon.fr//gp/slredirect/picassoRedirect.html/ref=pa_sp_mtf_aps_sr_pg3_1?ie=UTF8&adId=A00001561RDH5NUG5PFP1&url=%2FR%25C3%25A9gime-C%25C3%25A9tog%25C3%25A8ne-pratique-perdre-rester%2Fdp%2FB08DC9ZXWH%2Fref%3Dsr_1_127_sspa%3Fdchild%3D1%26keywords%3Dlivre%2Bminceur%26qid%3D1618311657%26sr%3D8-127-spons%26psc%3D1&qualifier=1618311657&id=3130462482982887&widgetName=sp_mtf
88,agenda minceur 90 jours: Régime Alimentaire Journal à Compléter | cahier minceur de suivi | carnet alimentaire | livre minceur |suivi poids | motivation minceur |bullet minceur,"7,49€","4,3",22,https://www.amazon.fr//agenda-minceur-jours-Alimentaire-alimentaire/dp/B08VRDYBXR/ref=sr_1_128?dchild=1&keywords=livre+minceur&qid=1618311657&sr=8-128
89,"Mon Agenda Minceur: Carnet pré-rempli pour 60 jours de suivi de votre régime, avec un bilan complet à faire chaque semaine pour évaluer votre progression","6,98€","3,6",11,https://www.amazon.fr//Mon-Agenda-Minceur-pr%C3%A9-rempli-progression/dp/B08X69SJHT/ref=sr_1_129?dchild=1&keywords=livre+minceur&qid=1618311657&sr=8-129
90,"Perte de poids rapide et efficace : Comment avoir le ventre plat sans faire de régime (maigrir, mincir, ventre plat, régime, perte de poids rapide et efficace)","4,99€","5,0",2,https://www.amazon.fr//R%C3%A9gime-Comment-perdre-efficacement-maigrir-ebook/dp/B07MCDXS8D/ref=sr_1_130?dchild=1&keywords=livre+minceur&qid=1618311657&sr=8-130
91,Recettes équilibrées sans se ruiner avec Cookeo,"7,99€","4,4",1 733,https://www.amazon.fr//Recettes-%C3%A9quilibr%C3%A9es-sans-ruiner-Cookeo/dp/2035986257/ref=sr_1_131?dchild=1&keywords=livre+minceur&qid=1618311657&sr=8-131
92,Recettes Minceur avec Thermomix,"15,00€","4,3",5,https://www.amazon.fr//Recettes-Minceur-Thermomix-Catherine-Desnoy/dp/B08YQVB1N9/ref=sr_1_132?dchild=1&keywords=livre+minceur&qid=1618311657&sr=8-132
93,Ne laisse pas la bouffe contrôler ton corps: Agenda minceur 90 jours - Journal régime alimentaire et d’activité sportive à compléter,"14,95€","4,6",127,https://www.amazon.fr//laisse-pas-bouffe-contr%C3%B4ler-corps/dp/B091NH77J5/ref=sr_1_133?dchild=1&keywords=livre+minceur&qid=1618311657&sr=8-133
94,"Recettes cétogène: 77 recettes délicieuses – Petit-déjeuner, déjeuner, dîner, smoothies, desserts","9,40€","4,2",14,https://www.amazon.fr//Recettes-c%C3%A9tog%C3%A8ne-d%C3%A9licieuses-Petit-d%C3%A9jeuner-smoothies/dp/1975651472/ref=sr_1_134?dchild=1&keywords=livre+minceur&qid=1618311657&sr=8-134
95,100 Recettes à dévorer - Cuisine minceur pour les gourmands,"9,97€","4,0",27,https://www.amazon.fr//100-Recettes-d%C3%A9vorer-Cuisine-gourmands/dp/2263067752/ref=sr_1_135?dchild=1&keywords=livre+minceur&qid=1618311657&sr=8-135
96,"Agenda minceur 90 jours - mon suivi alimentaire détaillé: v1-6 Cahier régime | 90 jours pour maigrir | carnet regime à compléter sur 90 jours | 21cm x 29,7cm broché | planificateur Fond bleu turquoise","7,90€","3,9",8,https://www.amazon.fr//Agenda-minceur-jours-alimentaire-planificateur/dp/B08C9CYZQ6/ref=sr_1_136?dchild=1&keywords=livre+minceur&qid=1618311657&sr=8-136
97,"HUGOO - DETOX Bleu Thé Vert, Citron Fleur de Sureau, Infusion Bien être, Draineur Rapide et Efficace, Perte de Poids, Minceur ventre plat, Coupe faim, Guarana, Sencha, Goji, Sachet Vrac 100g + Ebook","8,90€","2,5",2,https://www.amazon.fr//HUGOO-Citron-Fleur-Infusion-Draineur-Efficace/dp/B07WNJWNT1/ref=sr_1_137?dchild=1&keywords=livre+minceur&qid=1618311657&sr=8-137
98,Simplissime desserts: Le livre de desserts les + faciles du monde,"9,89€","4,3",103,https://www.amazon.fr//Simplissime-desserts-livre-faciles-monde/dp/2011356431/ref=sr_1_138?dchild=1&keywords=livre+minceur&qid=1618311657&sr=8-138
99,"MES 100 JUS DETOX RECETTE MINCEUR - A compléter, cuisiner et savourer: Livre de recettes à écrire soi-même I Carnet & Cahier I Idée cadeau I Noël I ... I concombre I brule graisse I Maigrir","19,95€","4,1",61,https://www.amazon.fr//MES-100-DETOX-RECETTE-MINCEUR/dp/B08BWGQ84K/ref=sr_1_139?dchild=1&keywords=livre+minceur&qid=1618311657&sr=8-139
100,Objectif minceur : Mon programme pour maigrir semaine après semaine,"14,90€","4,6",47,https://www.amazon.fr//Objectif-minceur-programme-maigrir-semaine/dp/2081253976/ref=sr_1_140?dchild=1&keywords=livre+minceur&qid=1618311657&sr=8-140
101,Agenda minceur – Mon défi minceur en 90 jours: Programme minceur | retrouvez une belle silhouette grâce à l’équilibre alimentaire | journal à compléter,"19,90€","4,0",85,https://www.amazon.fr//Agenda-minceur-silhouette-l%C3%A9quilibre-alimentaire/dp/B08ZQ55J6K/ref=sr_1_141?dchild=1&keywords=livre+minceur&qid=1618311657&sr=8-141
102,Mon cahier Minceur automne hiver new,"4,95€","3,9",21,https://www.amazon.fr//Mon-cahier-Minceur-automne-hiver/dp/2263170480/ref=sr_1_142?dchild=1&keywords=livre+minceur&qid=1618311657&sr=8-142
103,Mes petites routines - Minceur pour perdre 5 kg,"4,90€","4,6",520,https://www.amazon.fr//Mes-petites-routines-Minceur-perdre/dp/2501148185/ref=sr_1_143?dchild=1&keywords=livre+minceur&qid=1618311657&sr=8-143
104,liste de courses frigo homme femme: courses alimentaires pour le domicile,"19,95€","4,1",72,https://www.amazon.fr//liste-courses-frigo-homme-femme-ebook/dp/B09254FZHR/ref=sr_1_144?dchild=1&keywords=livre+minceur&qid=1618311657&sr=8-144
105,Recettes végétariennes au Cookeo: Des recettes saines et équilibrées et végétariens pour toute la famille.,"6,99€","5,0",3,https://www.amazon.fr//Recettes-v%C3%A9g%C3%A9tariennes-Cookeo-%C3%A9quilibr%C3%A9es-v%C3%A9g%C3%A9tariens/dp/B08VRMMWL6/ref=sr_1_145?dchild=1&keywords=livre+minceur&qid=1618311657&sr=8-145
106,Simplissime: Le livre de cuisine le + facile du monde,"11,47€","4,1",1 839,https://www.amazon.fr//Simplissime-livre-cuisine-facile-monde/dp/2013963653/ref=sr_1_146?dchild=1&keywords=livre+minceur&qid=1618311657&sr=8-146
107,Ma pâtisserie healthy: 60 recettes saines & gourmandes,"10,97€","4,5",2,https://www.amazon.fr//Ma-p%C3%A2tisserie-healthy-recettes-gourmandes/dp/2226459995/ref=sr_1_147?dchild=1&keywords=livre+minceur&qid=1618311657&sr=8-147
108,"Plats gourmands, vapeur douce: 120 recettes simples et bluffantes","6,99€","3,9",37,https://www.amazon.fr//Plats-gourmands-vapeur-douce-bluffantes/dp/2226453342/ref=sr_1_148?dchild=1&keywords=livre+minceur&qid=1618311657&sr=8-148
109,Petits plats minceur,"6,99€","5,0",3,https://www.amazon.fr//Petits-plats-minceur-Collectif/dp/2035987512/ref=sr_1_149?dchild=1&keywords=livre+minceur&qid=1618311657&sr=8-149
110,Zéro blabla - Minceur - 5 kgs,"6,90€","3,2",108,https://www.amazon.fr//Z%C3%A9ro-blabla-Minceur-5-kgs/dp/2501126947/ref=sr_1_150?dchild=1&keywords=livre+minceur&qid=1618311657&sr=8-150
111,"Le régime végétarien: une alimentation saine, gourmande et équilibrée","7,90€","4,1",123,https://www.amazon.fr//r%C3%A9gime-v%C3%A9g%C3%A9tarien-alimentation-gourmande-%C3%A9quilibr%C3%A9e/dp/2017089133/ref=sr_1_151?dchild=1&keywords=livre+minceur&qid=1618311657&sr=8-151
112,Mon programme minceur | 90 jours de rééquilibrage alimentaire | Journal à Compléter |Carnet de Suivi de régime: Carnet de Suivi de régime | 90 jours pour retrouver la forme,"8,99€","5,0",5,https://www.amazon.fr//gp/slredirect/picassoRedirect.html/ref=pa_sp_btf_aps_sr_pg3_1?ie=UTF8&adId=A03936491IMBV9O72MPFQ&url=%2Fprogramme-minceur-r%25C3%25A9%25C3%25A9quilibrage-alimentaire-Compl%25C3%25A9ter%2Fdp%2FB08R9NJT29%2Fref%3Dsr_1_152_sspa%3Fdchild%3D1%26keywords%3Dlivre%2Bminceur%26qid%3D1618311657%26sr%3D8-152-spons%26psc%3D1&qualifier=1618311657&id=3130462482982887&widgetName=sp_btf
113,Chakra: Retrouver son équilibre en travaillant sur chakra et énergie intérieure,"18,50€","3,8",506,https://www.amazon.fr//gp/slredirect/picassoRedirect.html/ref=pa_sp_btf_aps_sr_pg3_1?ie=UTF8&adId=A087833139ENTCB5PWL4C&url=%2FChakra-Retrouver-%25C3%25A9quilibre-travaillant-int%25C3%25A9rieure%2Fdp%2FB088T7BTPB%2Fref%3Dsr_1_153_sspa%3Fdchild%3D1%26keywords%3Dlivre%2Bminceur%26qid%3D1618311657%26sr%3D8-153-spons%26psc%3D1&qualifier=1618311657&id=3130462482982887&widgetName=sp_btf
114,"Confiance en soi: tous les secrets pour augmenter l’estime de soi | Guide complet pour apprendre comment améliorer les relations avec vous-même, les autres et doc vivre plus heureux","15,80€","3,8",13,https://www.amazon.fr//gp/slredirect/picassoRedirect.html/ref=pa_sp_atf_next_aps_sr_pg4_1?ie=UTF8&adId=A0878175JQO650UTRP9M&url=%2FConfiance-soi-augmenter-apprendre-am%25C3%25A9liorer%2Fdp%2FB08M83WXZY%2Fref%3Dsr_1_145_sspa%3Fdchild%3D1%26keywords%3Dlivre%2Bminceur%26qid%3D1618311659%26sr%3D8-145-spons%26psc%3D1&qualifier=1618311659&id=7352079034473838&widgetName=sp_atf_next
115,Mes Recettes - Livre de recettes à remplir: Carnet de cuisine pour écrire ses recettes | Cahier pré-rempli | Pour 100 recettes | Livre de Cuisine Personnalisable avec vos recettes de famille.,"19,90€","4,8",23,https://www.amazon.fr//gp/slredirect/picassoRedirect.html/ref=pa_sp_atf_next_aps_sr_pg4_1?ie=UTF8&adId=A09573142POJ9PJ2M7JEV&url=%2FMes-Recettes-recettes-pr%25C3%25A9-rempli-Personnalisable%2Fdp%2FB08P4MP715%2Fref%3Dsr_1_146_sspa%3Fdchild%3D1%26keywords%3Dlivre%2Bminceur%26qid%3D1618311659%26sr%3D8-146-spons%26psc%3D1&qualifier=1618311659&id=7352079034473838&widgetName=sp_atf_next
116,"Mon Cahier de recettes: Livre de recettes à remplir | Carnet personnalisé pour 100 recettes de cuisine à compléter | Grand Format 21,59 cm x 27,94 cm [ Idée cadeau à offrir","29,00€","4,2",1 053,https://www.amazon.fr//gp/slredirect/picassoRedirect.html/ref=pa_sp_atf_next_aps_sr_pg4_1?ie=UTF8&adId=A08245343ESK1493N26G4&url=%2FMon-Cahier-recettes-personnalis%25C3%25A9-compl%25C3%25A9ter%2Fdp%2FB0892HNL79%2Fref%3Dsr_1_147_sspa%3Fdchild%3D1%26keywords%3Dlivre%2Bminceur%26qid%3D1618311659%26sr%3D8-147-spons%26psc%3D1&qualifier=1618311659&id=7352079034473838&widgetName=sp_atf_next
117,Mes Recettes : Cahier de Recette à Compléter: 120 Pages A4 à remplir avec vos recettes préférées,"5,98€","4,2",66,https://www.amazon.fr//gp/slredirect/picassoRedirect.html/ref=pa_sp_atf_next_aps_sr_pg4_1?ie=UTF8&adId=A042994615A4HPPHOWEV8&url=%2FMes-Recettes-Compl%25C3%25A9ter-recettes-pr%25C3%25A9f%25C3%25A9r%25C3%25A9es%2Fdp%2FB09249HBSC%2Fref%3Dsr_1_148_sspa%3Fdchild%3D1%26keywords%3Dlivre%2Bminceur%26qid%3D1618311659%26sr%3D8-148-spons%26psc%3D1&qualifier=1618311659&id=7352079034473838&widgetName=sp_atf_next
118,"Cures de soupes, santé-détox","8,99€","5,0",1,https://www.amazon.fr//Cures-soupes-sant%C3%A9-d%C3%A9tox-anti-insomnie-antiballonnements/dp/B07C5K53HF/ref=sr_1_149?dchild=1&keywords=livre+minceur&qid=1618311659&sr=8-149
119,Mon guide alimentaire: Journal de suivi Nutritionnel sur 3 mois à compléter | Avec nos Conseils d’Experts en Nutrition,"4,99€","5,0",1,https://www.amazon.fr//Mon-guide-alimentaire-Nutritionnel-compl%C3%A9ter/dp/B08W3M9TMG/ref=sr_1_150?dchild=1&keywords=livre+minceur&qid=1618311659&sr=8-150
120,Les Recettes minceur de Sybille Montignac,"9,95€","4,2",445,https://www.amazon.fr//Recettes-minceur-Sybille-Montignac/dp/2359344307/ref=sr_1_151?dchild=1&keywords=livre+minceur&qid=1618311659&sr=8-151
121,25 recettes ventre plat: RECETTES MINCEUR FACILES ET GOURMANDES,"7,99€","4,2",90,https://www.amazon.fr//25-recettes-ventre-plat-GOURMANDES-ebook/dp/B0924WWMXM/ref=sr_1_152?dchild=1&keywords=livre+minceur&qid=1618311659&sr=8-152
122,Les recettes cultes de Big Will,"7,87€","3,5",5,https://www.amazon.fr//recettes-cultes-Big-Will/dp/2263161279/ref=sr_1_153?dchild=1&keywords=livre+minceur&qid=1618311659&sr=8-153
123,Minceur essentielle: La grande cuisine santé,"9,90€","3,0",1,https://www.amazon.fr//Minceur-essentielle-grande-cuisine-sant%C3%A9/dp/2226241523/ref=sr_1_154?dchild=1&keywords=livre+minceur&qid=1618311659&sr=8-154
124,Slimy: Agenda Minceur et Forme: 90 Jours régime alimentaire | Votre compagnon pour un meilleur corps | Cahier à compléter | Français (Bleu),"7,99€","4,8",9,https://www.amazon.fr//Slimy-alimentaire-compagnon-meilleur-compl%C3%A9ter/dp/B088N96C96/ref=sr_1_155?dchild=1&keywords=livre+minceur&qid=1618311659&sr=8-155
125,LA PENSÉE POSITIVE: Comment atteindre vos objectifs et mener une vie positive à travers le pouvoir de la pensée,"9,99€","3,8",18,https://www.amazon.fr//PENS%C3%89E-POSITIVE-atteindre-objectifs-positive/dp/B085RTHNJW/ref=sr_1_156?dchild=1&keywords=livre+minceur&qid=1618311659&sr=8-156
126,"Mon cahier minceur : 90 jours de régime - Le compagnon ultime du régime amincissant :: Agenda journal de bord à remplir pour perdre du poids, journal ... ... semainiers des menus, courbe de poids","5,90€","4,7",10,https://www.amazon.fr//Mon-cahier-minceur-amincissant-semainiers/dp/B088B9ZCNB/ref=sr_1_157?dchild=1&keywords=livre+minceur&qid=1618311659&sr=8-157
127,Cuisine légère NE - 1001 recettes,"6,99€","4,5",108,https://www.amazon.fr//Cuisine-l%C3%A9g%C3%A8re-NE-1001-recettes/dp/2263149252/ref=sr_1_158?dchild=1&keywords=livre+minceur&qid=1618311659&sr=8-158
128,Mon journal de suivi minceur: Cahier de suivi de régime quotidien - carnet alimentation exercices et motivation - suivi perte de poids et mensurations - pour femmes,"19,90€","4,5",290,https://www.amazon.fr//Mon-journal-suivi-minceur-alimentation/dp/B08BWFKDVM/ref=sr_1_159?dchild=1&keywords=livre+minceur&qid=1618311659&sr=8-159
129,Régime Cétogène: Perdre jusqu’à 10kg en quelques jours,"7,90€","4,5",2,https://www.amazon.fr//R%C3%A9gime-C%C3%A9tog%C3%A8ne-Perdre-jusqu%C3%A0-quelques/dp/1975650492/ref=sr_1_160?dchild=1&keywords=livre+minceur&qid=1618311659&sr=8-160
130,Mon cahier Objectif minceur automne hiver,"6,99€","4,3",410,https://www.amazon.fr//cahier-Objectif-minceur-automne-hiver/dp/2263158898/ref=sr_1_161?dchild=1&keywords=livre+minceur&qid=1618311659&sr=8-161
131,"Agenda Minceur 90 jours: Carnet de suivi alimentaire et régime pour femme - Repas, activités, objectifs, courbes et tableaux - 190 Pages à compléter","15,29€","3,8",38,https://www.amazon.fr//Agenda-Minceur-jours-alimentaire-activit%C3%A9s/dp/B08BW8KZGW/ref=sr_1_162?dchild=1&keywords=livre+minceur&qid=1618311659&sr=8-162
132,La méthode simple illustrée pour perdre du poids tout de suite (EVOL DEV'T PERS),"9,50€","3,5",767,https://www.amazon.fr//m%C3%A9thode-simple-illustr%C3%A9e-perdre-poids-ebook/dp/B00NFQUD1M/ref=sr_1_163?dchild=1&keywords=livre+minceur&qid=1618311659&sr=8-163
133,Agenda Minceur 90 jours. Régime Alimentaire Journal à Compléter: Journal personnel qui vous aidera à perdre du poids,"4,99€","4,1",188,https://www.amazon.fr//Agenda-Minceur-Alimentaire-Journal-Compl%C3%A9ter/dp/1796738794/ref=sr_1_164?dchild=1&keywords=livre+minceur&qid=1618311659&sr=8-164
134,"Mon Carnet de recettes: Livre de recettes à écrire | Carnet personnalisé pour 50 recettes de cuisine à remplir | 2 pages par recette |Grand Format 21,59 cm x 27,94 cm [ Idée cadeau à offrir","7,95€","4,2",62,https://www.amazon.fr//Mon-Carnet-recettes-personnalis%C3%A9-cuisine/dp/B08992BD7F/ref=sr_1_165?dchild=1&keywords=livre+minceur&qid=1618311659&sr=8-165
135,Mincir sur mesure grâce à la chrono-nutrition,"9,97€","4,1",75,https://www.amazon.fr//Mincir-sur-mesure-gr%C3%A2ce-chrono-nutrition/dp/2226449655/ref=sr_1_166?dchild=1&keywords=livre+minceur&qid=1618311659&sr=8-166
136,Mon cahier Minceur zéro sucre,"22,50€","4,2",3,https://www.amazon.fr//Mon-cahier-Minceur-z%C3%A9ro-sucre/dp/2263169636/ref=sr_1_167?dchild=1&keywords=livre+minceur&qid=1618311659&sr=8-167
137,mes recettes minceur: Cahier de recettes de régime à remplir pour perte de poids - Livre de cuisine personnalisé à écrire plus de 50 recettes,"9,12€","4,3",8,https://www.amazon.fr//mes-recettes-minceur-remplir-personnalis%C3%A9/dp/B0882PKNTS/ref=sr_1_168?dchild=1&keywords=livre+minceur&qid=1618311659&sr=8-168
138,Minceur à livre ouvert: Minceur - Forme - Beauté,"24,00€","3,9",110,https://www.amazon.fr//Minceur-livre-ouvert-Forme-Beaut%C3%A9/dp/1523935685/ref=sr_1_169?dchild=1&keywords=livre+minceur&qid=1618311659&sr=8-169
139,Mon livre de recettes Poke Bowl | 100 recettes à remplir: Livre de cuisine à compléter,"13,99€","4,2",22,https://www.amazon.fr//livre-recettes-Poke-Bowl-remplir/dp/B08L41B4X6/ref=sr_1_170?dchild=1&keywords=livre+minceur&qid=1618311659&sr=8-170
140,Mon cahier Brûle-graisse,"5,99€","4,2",133,https://www.amazon.fr//Mon-cahier-Br%C3%BBle-graisse-Marie-Laure-ANDR%C3%89/dp/2263159495/ref=sr_1_171?dchild=1&keywords=livre+minceur&qid=1618311659&sr=8-171
141,Petit Livre de - Minceur 2018,"5,99€","4,3",14,https://www.amazon.fr//Petit-Livre-Minceur-Jean-Paul-BLANC/dp/2412034265/ref=sr_1_172?dchild=1&keywords=livre+minceur&qid=1618311659&sr=8-172
142,AGENDA Rééquilibrage Alimentaire: 90 jours de suivi avec bilans mensuels - Prises de mensurations - Recettes Healthy - Planificateurs de repas avec ... courses intégrée ! | Format poche | 128 pages,"14,95€","4,5",32,https://www.amazon.fr//gp/slredirect/picassoRedirect.html/ref=pa_sp_mtf_aps_sr_pg4_1?ie=UTF8&adId=A071746917X5PNAST6ZA7&url=%2FAGENDA-R%25C3%25A9%25C3%25A9quilibrage-Alimentaire-mensurations-Planificateurs%2Fdp%2FB08WJZD84F%2Fref%3Dsr_1_173_sspa%3Fdchild%3D1%26keywords%3Dlivre%2Bminceur%26qid%3D1618311659%26sr%3D8-173-spons%26psc%3D1&qualifier=1618311659&id=7352079034473838&widgetName=sp_mtf
143,"Agenda minceur 90 jours: Journal alimentaire et d’activité sportive 90 jours régime alimentaire journal à compléter | Suivi Perte de poids | Suivi ... mon régime, carnet de suivi alimentaire","6,99€","3,7",30,https://www.amazon.fr//gp/slredirect/picassoRedirect.html/ref=pa_sp_mtf_aps_sr_pg4_1?ie=UTF8&adId=A09906872KQ4SEEAY8YXL&url=%2FAgenda-minceur-jours-alimentaire-dactivit%25C3%25A9%2Fdp%2FB08P8GR5RR%2Fref%3Dsr_1_174_sspa%3Fdchild%3D1%26keywords%3Dlivre%2Bminceur%26qid%3D1618311659%26sr%3D8-174-spons%26psc%3D1&qualifier=1618311659&id=7352079034473838&widgetName=sp_mtf
144,Agenda minceur – Mon défi minceur en 90 jours: Programme minceur | retrouvez une belle silhouette grâce à l’équilibre alimentaire | journal à compléter,"10,00€","4,3",8,https://www.amazon.fr//gp/slredirect/picassoRedirect.html/ref=pa_sp_mtf_aps_sr_pg4_1?ie=UTF8&adId=A0719561S27G5ESRQ1PE&url=%2FAgenda-minceur-silhouette-l%25C3%25A9quilibre-alimentaire%2Fdp%2FB08ZQ55J6K%2Fref%3Dsr_1_175_sspa%3Fdchild%3D1%26keywords%3Dlivre%2Bminceur%26qid%3D1618311659%26sr%3D8-175-spons%26psc%3D1&qualifier=1618311659&id=7352079034473838&widgetName=sp_mtf
145,Le grand livre de la cuisine végétarienne Nouvelle édition: 175 recettes pour manger végétarien au quotidien,"6,99€","4,0",78,https://www.amazon.fr//Cuisine-Vegetarienne-Nouvelle-%C3%89dition/dp/2016279737/ref=sr_1_176?dchild=1&keywords=livre+minceur&qid=1618311659&sr=8-176
146,Cahier Minceur: Un Carnet Alimentaire et mon cahier Minceur - Le compagnon ultime de régime amincissant à compléter au jour le jour | Agenda minceur,"15,55€","4,8",30,https://www.amazon.fr//Cahier-Minceur-Alimentaire-compagnon-amincissant/dp/1072172585/ref=sr_1_177?dchild=1&keywords=livre+minceur&qid=1618311659&sr=8-177
147,L'aroma-drainage lymphatique - Minceur et détox - Méthode Ahimsa,"15,99€","4,6",27,https://www.amazon.fr//Laroma-drainage-lymphatique-Minceur-M%C3%A9thode-Ahimsa/dp/B01E4ELYAC/ref=sr_1_178?dchild=1&keywords=livre+minceur&qid=1618311659&sr=8-178
148,Huiles essentielles antivirales : La solution naturelle pour lutter contre les infections,"5,90€","4,2",1 242,https://www.amazon.fr//Huiles-essentielles-antivirales-naturelle-infections-ebook/dp/B014USGBXC/ref=sr_1_179?dchild=1&keywords=livre+minceur&qid=1618311659&sr=8-179
149,"livre agenda minceur: livre agenda minceur pour 90 jours suivi de regime reequilibrage alimentaire , acompleter la motivation,recette,et menu, ... et fitness pour perte de poids maigrir regime","6,95€","4,4",680,https://www.amazon.fr//livre-agenda-minceur-reequilibrage-alimentaire/dp/B08YNXJGL6/ref=sr_1_180?dchild=1&keywords=livre+minceur&qid=1618311659&sr=8-180
150,Agenda Minceur - 98 jours de suivi: Journal alimentaire et d’activité sportive - Cahier de suivi de régime : Planificateur semaine - Suivi journalier ... idéal de votre perte de poids (Fleurs),"7,90€","4,2",5,https://www.amazon.fr//Agenda-Minceur-alimentaire-Planificateur-journalier/dp/B08733MNZ7/ref=sr_1_181?dchild=1&keywords=livre+minceur&qid=1618311659&sr=8-181
151,Fastgood Cuisine - Healthy et gourmand,"4,99€","4,1",32,https://www.amazon.fr//Fastgood-Cuisine-gourmand-Charles-Gilles-compagnon/dp/2749940567/ref=sr_1_182?dchild=1&keywords=livre+minceur&qid=1618311659&sr=8-182
152,"Mon Agenda Minceur pour Diète Cétogène REGIME KETO: Carnet Regime Cetogene & Cahier Programme Cétogène pour Alimentation Cetogene, Ceto Cuisine pour ... Recettes vierge pour KETO Régime","14,99€","2,6",4,https://www.amazon.fr//Agenda-Minceur-Di%C3%A8te-C%C3%A9tog%C3%A8ne-REGIME/dp/B08F6X4MNJ/ref=sr_1_183?dchild=1&keywords=livre+minceur&qid=1618311659&sr=8-183
153,"100 aliments IG, index glycémique bas, à volonté","14,90€","4,2",7,https://www.amazon.fr//100-aliments-index-glyc%C3%A9mique-volont%C3%A9/dp/2916878777/ref=sr_1_184?dchild=1&keywords=livre+minceur&qid=1618311659&sr=8-184
154,Carnet minceur: Carnet adapté pour le suivi alimentaire et des activités sportives à compléter / 6x9 /,"6,00€","3,5",2,https://www.amazon.fr//Carnet-minceur-alimentaire-activit%C3%A9s-sportives/dp/B08XSCXB2J/ref=sr_1_185?dchild=1&keywords=livre+minceur&qid=1618311659&sr=8-185
155,Les recettes minceur de la coach des stars,"6,90€","4,4",700,https://www.amazon.fr//recettes-minceur-coach-stars/dp/0615137520/ref=sr_1_186?dchild=1&keywords=livre+minceur&qid=1618311659&sr=8-186
156,Junlan Gaine Amincissante Invisible Ventre Plat Ceinture Abdominale Gainante Femme Apres Accouchement,"20,00€","4,5",110,https://www.amazon.fr//Junlan-Amincissante-Invisible-Abdominale-Accouchement/dp/B0817GS2D7/ref=sr_1_187?dchild=1&keywords=livre+minceur&qid=1618311659&sr=8-187
157,200 menus équilibrés à moins de 2 euros,"6,75€","4,0",6,https://www.amazon.fr//200-menus-%C3%A9quilibr%C3%A9s-moins-euros/dp/2263050035/ref=sr_1_188?dchild=1&keywords=livre+minceur&qid=1618311659&sr=8-188
158,Ma cuisine IG bas - super facile,"14,00€","3,4",5,https://www.amazon.fr//Ma-cuisine-IG-bas-facile/dp/2263169490/ref=sr_1_189?dchild=1&keywords=livre+minceur&qid=1618311659&sr=8-189
159,Mon cahier Minceur healthy,"6,75€","3,8",3,https://www.amazon.fr//cahier-Minceur-healthy-Marie-Laure-ANDR%C3%89/dp/2263169687/ref=sr_1_190?dchild=1&keywords=livre+minceur&qid=1618311659&sr=8-190
160,Recettes minceur - Tous en cuisine !,"10,54€","5,0",1,https://www.amazon.fr//Recettes-minceur-Tous-en-cuisine/dp/2263160043/ref=sr_1_191?dchild=1&keywords=livre+minceur&qid=1618311659&sr=8-191
161,Le Petit Livre des salades minceur,"8,99€","4,3",71,https://www.amazon.fr//Petit-Livre-salades-minceur/dp/2876917718/ref=sr_1_192?dchild=1&keywords=livre+minceur&qid=1618311659&sr=8-192
162,"Jus de Fruits et de Legumes Crus: 57 recettes faciles et un Guide Pratique Complet pour améliorer votre alimentation : Santé, Vitalité et Minceur, ... sans extracteur, FACILEMENT ET DURABLEMENT.","12,41€","4,3",1 105,https://www.amazon.fr//Jus-Fruits-Legumes-Crus-alimentation/dp/2955413305/ref=sr_1_193?dchild=1&keywords=livre+minceur&qid=1618311659&sr=8-193
163,Cuisine légère au quotidien : La meilleure façon de rester mince,"6,99€","4,4",122,https://www.amazon.fr//Cuisine-l%C3%A9g%C3%A8re-quotidien-meilleure-rester/dp/2081487942/ref=sr_1_194?dchild=1&keywords=livre+minceur&qid=1618311659&sr=8-194
164,Mes petites recettes magiques - Soupes,"6,99€","2,0",1,https://www.amazon.fr//Mes-petites-recettes-magiques-soupes/dp/B0754521CY/ref=sr_1_195?dchild=1&keywords=livre+minceur&qid=1618311659&sr=8-195
165,"MON PLANNING REPAS: Planifie tes menus par semaine et organise ta liste de courses. Cahier de 52 semaines pour tes repas minceurs, santé ou gourmands ! Edition en En Noir & Blanc","12,00€","4,6",209,https://www.amazon.fr//MON-PLANNING-REPAS-Planifie-gourmands/dp/B08DBHD36L/ref=sr_1_196?dchild=1&keywords=livre+minceur&qid=1618311659&sr=8-196
166,"Les meilleurs massages minceur et beauté aux huiles essentielles, guide visuel : Les techniques efficaces ; les points de réflexologie ; 60 automassages expliqués pas à pas","10,99€","5,0",2,https://www.amazon.fr//meilleurs-massages-minceur-beaut%C3%A9-essentielles/dp/B079JCLZ73/ref=sr_1_197?dchild=1&keywords=livre+minceur&qid=1618311659&sr=8-197
167,Mon Agenda Minceur: Journal alimentaire et d’activité sportive à compléter pendant 60 jours de suivi de votre régime | Cahier de suivi de régime ... et sportif | Idée cadeau pour Les Femmes.,"6,00€","5,0",8,https://www.amazon.fr//Mon-Agenda-Minceur-alimentaire-dactivit%C3%A9/dp/B08Y49SBBC/ref=sr_1_198?dchild=1&keywords=livre+minceur&qid=1618311659&sr=8-198
168,Cuisine italienne et sans gluten !,"19,90€","4,0",2,https://www.amazon.fr//Cuisine-italienne-sans-gluten-recettes/dp/2360983520/ref=sr_1_199?dchild=1&keywords=livre+minceur&qid=1618311659&sr=8-199
169,"Mon Livre de Recette à Remplir: 120 Pages à Compléter, Format A4","8,96€","4,6",3,https://www.amazon.fr//gp/slredirect/picassoRedirect.html/ref=pa_sp_btf_aps_sr_pg4_1?ie=UTF8&adId=A04297902KFHJO9YYTVG4&url=%2FMon-Livre-Recette-Remplir-Compl%25C3%25A9ter%2Fdp%2FB0914WWL32%2Fref%3Dsr_1_200_sspa%3Fdchild%3D1%26keywords%3Dlivre%2Bminceur%26qid%3D1618311659%26sr%3D8-200-spons%26psc%3D1&qualifier=1618311659&id=7352079034473838&widgetName=sp_btf
170,Pourquoi je mange?: Méthode minceur déposée,"8,99€","4,6",46,https://www.amazon.fr//gp/slredirect/picassoRedirect.html/ref=pa_sp_btf_aps_sr_pg4_1?ie=UTF8&adId=A03307681PR7HH1ALEPT&url=%2FPourquoi-mange-M%25C3%25A9thode-minceur-d%25C3%25A9pos%25C3%25A9e%2Fdp%2F2954613173%2Fref%3Dsr_1_201_sspa%3Fdchild%3D1%26keywords%3Dlivre%2Bminceur%26qid%3D1618311659%26sr%3D8-201-spons%26psc%3D1&qualifier=1618311659&id=7352079034473838&widgetName=sp_btf
171,"Les Mots Mêlés du Vin: livre de jeu sur le vin (AOPs, cépages, régions viticoles, lexique, etc.)","15,90€","4,1",242,https://www.amazon.fr//gp/slredirect/picassoRedirect.html/ref=pa_sp_atf_next_aps_sr_pg5_1?ie=UTF8&adId=A090757626D5L6TAJNLK9&url=%2FMots-M%25C3%25AAl%25C3%25A9s-Vin-c%25C3%25A9pages-viticoles%2Fdp%2FB08KKH19LL%2Fref%3Dsr_1_193_sspa%3Fdchild%3D1%26keywords%3Dlivre%2Bminceur%26qid%3D1618311660%26sr%3D8-193-spons%26psc%3D1&qualifier=1618311660&id=5149148682135537&widgetName=sp_atf_next
172,Introduction à la naturopathie: Découvrez comment prévenir les problèmes de santé grâce à la force de la nature,"12,90€","5,0",4,https://www.amazon.fr//gp/slredirect/picassoRedirect.html/ref=pa_sp_atf_next_aps_sr_pg5_1?ie=UTF8&adId=A087798711ZUUN5MBYYE1&url=%2FIntroduction-naturopathie-D%25C3%25A9couvrez-pr%25C3%25A9venir-probl%25C3%25A8mes%2Fdp%2FB085K5S55L%2Fref%3Dsr_1_194_sspa%3Fdchild%3D1%26keywords%3Dlivre%2Bminceur%26qid%3D1618311660%26sr%3D8-194-spons%26psc%3D1&qualifier=1618311660&id=5149148682135537&widgetName=sp_atf_next
173,"Cahier de Recettes de cuisine: Mon Livre de recettes à remplir | Carnet personnalisé pour 50 recettes de cuisine à compléter | 2 pages par recette | ... 21,59 cm x 27,94 cm [ Idée cadeau à offrir","9,95€","3,8",15,https://www.amazon.fr//gp/slredirect/picassoRedirect.html/ref=pa_sp_atf_next_aps_sr_pg5_1?ie=UTF8&adId=A08248142XQGWMKVW1CWI&url=%2FCahier-Recettes-cuisine-personnalis%25C3%25A9-compl%25C3%25A9ter%2Fdp%2FB0892HPWYV%2Fref%3Dsr_1_195_sspa%3Fdchild%3D1%26keywords%3Dlivre%2Bminceur%26qid%3D1618311660%26sr%3D8-195-spons%26psc%3D1&qualifier=1618311660&id=5149148682135537&widgetName=sp_atf_next
174,"Mon Carnet de recettes: Cahier de recettes à compléter | un carnet pour noter vos 100 recettes de cuisine préférées | Grand Format 21,59 cm x 27,94 cm [ Idée cadeau à offrir","10,99€","4,7",301,https://www.amazon.fr//gp/slredirect/picassoRedirect.html/ref=pa_sp_atf_next_aps_sr_pg5_1?ie=UTF8&adId=A078110723EKPJYE1IVA3&url=%2FMon-Carnet-recettes-compl%25C3%25A9ter-pr%25C3%25A9f%25C3%25A9r%25C3%25A9es%2Fdp%2FB0891ZYQV1%2Fref%3Dsr_1_196_sspa%3Fdchild%3D1%26keywords%3Dlivre%2Bminceur%26qid%3D1618311660%26sr%3D8-196-spons%26psc%3D1&qualifier=1618311660&id=5149148682135537&widgetName=sp_atf_next
175,Le Fasting - La méthode de jeûne intermittent ultra efficace pour perdre du poids et vivre longtemps,"7,99€","5,0",2,https://www.amazon.fr//Fasting-m%C3%A9thode-intermittent-efficace-longtemps/dp/2365492193/ref=sr_1_197?dchild=1&keywords=livre+minceur&qid=1618311660&sr=8-197
176,Le Nouveau régime IG: Maigrir en maîtrisant sa glycémie (Index glycémique),"7,99€","5,0",3,https://www.amazon.fr//Nouveau-r%C3%A9gime-IG-ma%C3%AEtrisant-glyc%C3%A9mie-ebook/dp/B00MW3H36W/ref=sr_1_198?dchild=1&keywords=livre+minceur&qid=1618311660&sr=8-198
177,Mes petites recettes magiques objectif corps de rêve,"5,90€","4,6",333,https://www.amazon.fr//petites-recettes-magiques-objectif-corps/dp/B06WLHH889/ref=sr_1_199?dchild=1&keywords=livre+minceur&qid=1618311660&sr=8-199
178,COMMENT PERDRE DU POIDS RAPIDEMENT SANS FAIRE DE SPORT : ( Maigrir Rapidement - Livre Perte De Poids - Régime Perte De Gras - Maigrir Vite - Régime Paléo ... Pour Maigrir ) (Une vie meilleure t. 1),"7,95€","5,0",1,https://www.amazon.fr//COMMENT-PERDRE-POIDS-RAPIDEMENT-FAIRE-ebook/dp/B0875NGLGK/ref=sr_1_200?dchild=1&keywords=livre+minceur&qid=1618311660&sr=8-200
179,Ma solution minceur naturelle avec la chronobotanique,"7,95€","4,1",178,https://www.amazon.fr//solution-minceur-naturelle-avec-chronobotanique/dp/2702917348/ref=sr_1_201?dchild=1&keywords=livre+minceur&qid=1618311660&sr=8-201
180,"Jeûne Intermittent 16/8 - Agenda Minceur 90 Jours: Régime Alimentaire Journal à Compléter - 8 heures de repas, 16 heures sans manger - Carnet de ... et améliorer votre santé - couverture souple","7,50€","4,1",88,https://www.amazon.fr//Je%C3%BBne-Intermittent-Alimentaire-Compl%C3%A9ter-couverture/dp/1661597653/ref=sr_1_202?dchild=1&keywords=livre+minceur&qid=1618311660&sr=8-202
181,Journal alimentaire : Agenda minceur et carnet alimentaire,"10,99€","4,6",37,https://www.amazon.fr//Journal-alimentaire-Agenda-minceur-carnet/dp/2322091316/ref=sr_1_203?dchild=1&keywords=livre+minceur&qid=1618311660&sr=8-203
182,Le grand livre de la cuisine minceur Fait Maison,"20,50€","3,5",5,https://www.amazon.fr//grand-livre-cuisine-minceur-Maison/dp/2017020257/ref=sr_1_204?dchild=1&keywords=livre+minceur&qid=1618311660&sr=8-204
183,"Croq'Kilos , La Pâtisserie: Mon cahier minceur","16,99€","3,8",508,https://www.amazon.fr//CroqKilos-P%C3%A2tisserie-Mon-cahier-minceur/dp/2359852078/ref=sr_1_205?dchild=1&keywords=livre+minceur&qid=1618311660&sr=8-205
184,Recettes à l'extracteur de jus: 140 recettes pour faire le plein de vitamines,"6,89€","4,1",61,https://www.amazon.fr//Recettes-lextracteur-jus-recettes-vitamines/dp/2035934184/ref=sr_1_206?dchild=1&keywords=livre+minceur&qid=1618311660&sr=8-206
185,"Le grand livre de l'alimentation anti-inflammatoire: Arthrose, Alzheimer, cancer, asthme, obésité... Les meilleurs ingrédients et recettes pour prévenir l'inflammation chronique","5,99€","3,7",53,https://www.amazon.fr//grand-livre-lalimentation-anti-inflammatoire-linflammation-ebook/dp/B07JQ2KY4J/ref=sr_1_207?dchild=1&keywords=livre+minceur&qid=1618311660&sr=8-207
186,"Mon Agenda MINCEUR 12 semaines : Nutrition et Sport: Journal de suivi pour atteindre son objectif MINCEUR - 12 semaines complètes - 175 pages - Carnet ... à compléter : Sport, Fitness et alimentation","29,95€","5,0",3,https://www.amazon.fr//Mon-Agenda-MINCEUR-semaines-alimentation/dp/B089M1CMZP/ref=sr_1_208?dchild=1&keywords=livre+minceur&qid=1618311660&sr=8-208
187,"Agenda minceur à compléter 90 jours: Carnet de suivi alimentaire et régime pour femme - Repas, activités, objectifs, courbes et tableaux – Format XL - 192 Pages à remplir","14,95€","4,0",66,https://www.amazon.fr//Agenda-minceur-compl%C3%A9ter-jours-alimentaire/dp/B08QW659D9/ref=sr_1_209?dchild=1&keywords=livre+minceur&qid=1618311660&sr=8-209
188,Mes Recettes Minceur: Carnet Pré-rempli pour enregistrer vos 50 recettes de régime préféré,"11,97€","3,9",67,https://www.amazon.fr//Mes-Recettes-Minceur-Pr%C3%A9-rempli-enregistrer/dp/B08X5ZFKCM/ref=sr_1_210?dchild=1&keywords=livre+minceur&qid=1618311660&sr=8-210
189,"Agenda minceur 90 jours: Journal alimentaire et d’activité sportive 90 jours régime alimentaire journal à compléter | Carnet Alimentaire | Suivi régime, mon régime, carnet de suivi alimentaire","19,95€","3,5",730,https://www.amazon.fr//Agenda-minceur-jours-alimentaire-Alimentaire/dp/B08DG7W9VV/ref=sr_1_211?dchild=1&keywords=livre+minceur&qid=1618311660&sr=8-211
190,Mon Agenda minceur 3 mois: Journal alimentaire et d’activité sportive 90 jours régime alimentaire journal à compléter | Carnet Alimentaire | Suivi ... mon régime carnet de suivi alimentaire,"8,99€","3,8",10,https://www.amazon.fr//Mon-Agenda-minceur-mois-alimentaire/dp/B08C8RW6ZN/ref=sr_1_212?dchild=1&keywords=livre+minceur&qid=1618311660&sr=8-212
191,PLANCHA MINCEUR,"25,90€","4,8",23,https://www.amazon.fr//PLANCHA-MINCEUR-LILIANE-OTAL/dp/2817704185/ref=sr_1_213?dchild=1&keywords=livre+minceur&qid=1618311660&sr=8-213
192,"Formation Tabata pour les débutants: (Entraînement par intervalles pour débutants, en forme et minceur avec HIIT, faire de l'exercice sans poids, développer ses muscles, brûler des graisses)","4,99€","4,6",103,https://www.amazon.fr//Formation-Tabata-pour-d%C3%A9butants-Entra%C3%AEnement/dp/B08T732Q36/ref=sr_1_214?dchild=1&keywords=livre+minceur&qid=1618311660&sr=8-214
193,100 Recettes et menus,"7,99€","5,0",3,https://www.amazon.fr//100-Recettes-menus-Michel-Montignac/dp/208120181X/ref=sr_1_215?dchild=1&keywords=livre+minceur&qid=1618311660&sr=8-215
194,"En 2h je cuisine pour toute la semaine : 80 repas faits maison, sans gâchis et avec des produits de saison (Hors Collection Cuisine)","7,01€","1,0",2,https://www.amazon.fr//cuisine-pour-toute-semaine-Collection-ebook/dp/B07KBDS2XV/ref=sr_1_216?dchild=1&keywords=livre+minceur&qid=1618311660&sr=8-216
195,AGENDA MINCEUR 90 Jours: Journal alimentaire et d’activité sportive (Blanc),"6,50€","4,2",463,https://www.amazon.fr//AGENDA-MINCEUR-Jours-alimentaire-dactivit%C3%A9/dp/1548670677/ref=sr_1_217?dchild=1&keywords=livre+minceur&qid=1618311660&sr=8-217
196,"Mes Recettes délicieuses - Cahier de Recettes à compléter: Livre de cuisine personnalisé à remplir pour 60 recettes détaillées | 2 pages par recette ... | Un cadeau idéal pour maman, mami, ..","15,99€","4,4",117,https://www.amazon.fr//Mes-Recettes-d%C3%A9licieuses-personnalis%C3%A9-d%C3%A9taill%C3%A9es/dp/B087629MW6/ref=sr_1_218?dchild=1&keywords=livre+minceur&qid=1618311660&sr=8-218
197,Petits plats du soir avec thermomix,"9,99€","4,7",184,https://www.amazon.fr//Petits-plats-soir-avec-thermomix/dp/2035954843/ref=sr_1_219?dchild=1&keywords=livre+minceur&qid=1618311660&sr=8-219
198,Mon Carnet Minceur - Challenge Jeûne Intermittent - 6 MOIS,"6,99€","5,0",2,https://www.amazon.fr//Mon-Carnet-Minceur-Challenge-Intermittent/dp/B08F6CGBX4/ref=sr_1_220?dchild=1&keywords=livre+minceur&qid=1618311660&sr=8-220
199,Yoga: Prendre soin du corps et de l'esprit,"28,99€","4,4",161,https://www.amazon.fr//gp/slredirect/picassoRedirect.html/ref=pa_sp_mtf_aps_sr_pg5_1?ie=UTF8&adId=A08776513L06S5RPJU4E2&url=%2FYoga-Prendre-soin-corps-lesprit%2Fdp%2FB08VRBTCQ6%2Fref%3Dsr_1_221_sspa%3Fdchild%3D1%26keywords%3Dlivre%2Bminceur%26qid%3D1618311660%26sr%3D8-221-spons%26psc%3D1&qualifier=1618311660&id=5149148682135537&widgetName=sp_mtf
200,Régime Alimentaire À Faible Teneur En Glucides Pour Débutants: Le Guide Ultime Du Régime À Faible Teneur En Glucides - Ce Qu'il Faut Manger Et Éviter + 50 Recettes Éprouvées Pour Perdre Du Poids,"6,99€","2,5",2,https://www.amazon.fr//gp/slredirect/picassoRedirect.html/ref=pa_sp_mtf_aps_sr_pg5_1?ie=UTF8&adId=A08297721OD75KJN8A8FN&url=%2FR%25C3%25A9gime-Alimentaire-Faible-Glucides-D%25C3%25A9butants%2Fdp%2F1774351196%2Fref%3Dsr_1_222_sspa%3Fdchild%3D1%26keywords%3Dlivre%2Bminceur%26qid%3D1618311660%26sr%3D8-222-spons%26psc%3D1&qualifier=1618311660&id=5149148682135537&widgetName=sp_mtf
201,"Le petit livre du Cocktail: le carnet des Bartenders du dimanche (recettes, lexique de Mixologie, fiches de cocktails à remplir)","14,95€","5,0",1,https://www.amazon.fr//gp/slredirect/picassoRedirect.html/ref=pa_sp_mtf_aps_sr_pg5_1?ie=UTF8&adId=A07213491TRUUCCDLFJW8&url=%2Fpetit-livre-Cocktail-Bartenders-Mixologie%2Fdp%2FB08M83X5X8%2Fref%3Dsr_1_223_sspa%3Fdchild%3D1%26keywords%3Dlivre%2Bminceur%26qid%3D1618311660%26sr%3D8-223-spons%26psc%3D1&qualifier=1618311660&id=5149148682135537&widgetName=sp_mtf
202,Bon et Sain,"7,80€","4,3",1 300,https://www.amazon.fr//Bon-Sain-Gordon-Ramsay/dp/2017042927/ref=sr_1_224?dchild=1&keywords=livre+minceur&qid=1618311660&sr=8-224
203,Mes petites recettes magiques à moins de 300 calories (Mes petites recettes magiques - Poche),"4,99€","5,0",1,https://www.amazon.fr//petites-recettes-magiques-moins-calories-ebook/dp/B01N6E8HWA/ref=sr_1_225?dchild=1&keywords=livre+minceur&qid=1618311660&sr=8-225
204,Agenda Minceur - 98 jours de suivi: Journal alimentaire - Cahier de suivi de régime : Planificateur semaine - Suivi journalier - Bilan semaine - Le compagnon idéal de votre perte de poids,"15,95€","3,7",4,https://www.amazon.fr//Agenda-Minceur-alimentaire-Planificateur-journalier/dp/B086PRM1FN/ref=sr_1_226?dchild=1&keywords=livre+minceur&qid=1618311660&sr=8-226
205,Agenda Minceur: Cahier pour régime alimentaire et sportif de 90 jours à compléter | Journal Alimentaire,"4,99€","4,5",23,https://www.amazon.fr//Agenda-Minceur-alimentaire-compl%C3%A9ter-Alimentaire/dp/B08BW8KZPC/ref=sr_1_227?dchild=1&keywords=livre+minceur&qid=1618311660&sr=8-227
206,"Agenda minceur 90 jours: Carnet de suivi alimentaire et régime pour femme - Repas, activités, objectifs, courbes et tableaux - 112 Pages à remplir","44,99€","4,5",13,https://www.amazon.fr//Agenda-minceur-jours-alimentaire-activit%C3%A9s/dp/B08ZW6N7D8/ref=sr_1_228?dchild=1&keywords=livre+minceur&qid=1618311660&sr=8-228
207,Le guide Yuka de l'alimentation saine (Nutrition - Régime - Minceur),"10,97€","4,0",62,https://www.amazon.fr//guide-Yuka-lalimentation-saine-Nutrition-ebook/dp/B08JZ7PH7R/ref=sr_1_229?dchild=1&keywords=livre+minceur&qid=1618311660&sr=8-229
208,MON PLANNING MINCEUR: Véritable allié minceur pour les femmes voulant perdre du poids sans l'effet yoyo | Livre écrit en collaboration avec une ... pages au format passe-partout  (sac à main),"8,99€","3,8",7,https://www.amazon.fr//MON-PLANNING-MINCEUR-collaboration-passe-partout/dp/B08B384JHT/ref=sr_1_230?dchild=1&keywords=livre+minceur&qid=1618311660&sr=8-230
209,"Mes Recettes de Jus de Légumes Minceur: Livre recette extracteur de jus a remplir pour detox, jeune, cuisiner simple ou pour le plaisir du gout. ... pour maigrir ou manger léger | 100 recettes","24,90€","4,2",25,https://www.amazon.fr//Mes-Recettes-Jus-L%C3%A9gumes-Minceur/dp/B08KQXVFKM/ref=sr_1_231?dchild=1&keywords=livre+minceur&qid=1618311660&sr=8-231
210,Le petit livre de la minceur : Plus de 3000 aliments et toutes vos marques préférées dans la balance !,"4,99€","5,0",1,https://www.amazon.fr//petit-livre-minceur-aliments-pr%C3%A9f%C3%A9r%C3%A9es/dp/2754000097/ref=sr_1_232?dchild=1&keywords=livre+minceur&qid=1618311660&sr=8-232
211,Cuisine minceur avec Thermomix,"6,97€","5,0",2,https://www.amazon.fr//Cuisine-minceur-Thermomix-ISABELLE-GUERRE-ebook/dp/B089DLFPGC/ref=sr_1_233?dchild=1&keywords=livre+minceur&qid=1618311660&sr=8-233
212,MON AGENDA MINCEUR 2021: 90 jours pour atteindre mes objectifs – Prévu pour un usage quotidien – Suivi : Perte de poids/Repas/Activités/Mensurations/Humeur – Format très pratique (15x23 cm),"6,90€","3,5",5,https://www.amazon.fr//MON-AGENDA-MINCEUR-2021-Mensurations/dp/B08PRTMP4W/ref=sr_1_234?dchild=1&keywords=livre+minceur&qid=1618311660&sr=8-234
213,Gâteaux et gourmandises sans sucre,"2,99€","4,7",493,https://www.amazon.fr//G%C3%A2teaux-gourmandises-sucre-Philippe-CONTICINI/dp/2754074651/ref=sr_1_235?dchild=1&keywords=livre+minceur&qid=1618311660&sr=8-235
214,AGENDA MINCEUR - LIVRE DE RÉGIME - 90 jours - Couleur noir fleuri: Journal alimentaire pour femme,"6,99€","4,5",2,https://www.amazon.fr//AGENDA-MINCEUR-Couleur-Journal-alimentaire/dp/B08CPBHZFN/ref=sr_1_236?dchild=1&keywords=livre+minceur&qid=1618311660&sr=8-236
215,Mon cahier Ventre plat,"6,99€","4,2",51,https://www.amazon.fr//cahier-Ventre-plat-France-CARP-ebook/dp/B01N9JM6RX/ref=sr_1_237?dchild=1&keywords=livre+minceur&qid=1618311660&sr=8-237
216,"La retraite à 40 ans, c'est possible !: 8 étapes pour accéder à la liberté financière, consommer autrement et réaliser ses rêves.","10,72€","4,5",271,https://www.amazon.fr//retraite-ans-cest-possible-financi%C3%A8re/dp/2036000207/ref=sr_1_238?dchild=1&keywords=livre+minceur&qid=1618311660&sr=8-238
217,AGENDA Rééquilibrage Alimentaire: 90 jours de suivi avec bilans mensuels - Prises de mensurations - Recettes Healthy - Planificateurs de repas avec ... courses intégrée ! | Format poche | 128 pages,"11,95€","4,2",626,https://www.amazon.fr//AGENDA-R%C3%A9%C3%A9quilibrage-Alimentaire-mensurations-Planificateurs/dp/B08WJZD84F/ref=sr_1_239?dchild=1&keywords=livre+minceur&qid=1618311660&sr=8-239
218,Annedelona CURE METHODE MINCEUR 21 JOURS NATURELLE ET EFFICACE. Potage Diététique Soupe au Chou et Légumes Riche en Fibre et Vitamines (84 Portions). Fabriqué en France.,"6,75€","4,2",93,https://www.amazon.fr//Delona-m%C3%A9thode-minceur-potage-di%C3%A9t%C3%A9tique/dp/B0741MZ5FP/ref=sr_1_240?dchild=1&keywords=livre+minceur&qid=1618311660&sr=8-240
219,"Confiance en soi: tous les secrets pour augmenter l’estime de soi | Guide complet pour apprendre comment améliorer les relations avec vous-même, les autres et doc vivre plus heureux","10,00€","4,5",49,https://www.amazon.fr//Confiance-soi-augmenter-apprendre-am%C3%A9liorer/dp/B08M83WXZY/ref=sr_1_241?dchild=1&keywords=livre+minceur&qid=1618311660&sr=8-241
220,Régime Cétogène et Jeûne Intermittent (Fasting Keto): La méthode ultra efficace pour perdre 10 kg et vivre 10 ans de plus ! Guide pratique avec 2 plans de repas de 28 jours + 45 recettes cétogènes,"8,96€","3,8",7,https://www.amazon.fr//R%C3%A9gime-C%C3%A9tog%C3%A8ne-Je%C3%BBne-Intermittent-Fasting/dp/B0875ZKWTT/ref=sr_1_242?dchild=1&keywords=livre+minceur&qid=1618311660&sr=8-242
221,Pourquoi je mange ? Mon cahier planning minceur: Mettre en pratique la méthode chez soi,"5,99€","3,0",2,https://www.amazon.fr//Pourquoi-mange-cahier-planning-minceur/dp/B08DSYQ7S9/ref=sr_1_243?dchild=1&keywords=livre+minceur&qid=1618311660&sr=8-243
222,Plats light et bons pour la santé,"12,65€","4,5",1 492,https://www.amazon.fr//Plats-light-bons-pour-sant%C3%A9/dp/2263154094/ref=sr_1_244?dchild=1&keywords=livre+minceur&qid=1618311660&sr=8-244
223,Agenda Minceur 90 jours: Journal à compléter - Régime Alimentaire - Suis ton régime chaque jour - Format 6x9 pouces,"5,91€","3,7",122,https://www.amazon.fr//Agenda-Minceur-jours-compl%C3%A9ter-Alimentaire/dp/B08KBCVVXY/ref=sr_1_245?dchild=1&keywords=livre+minceur&qid=1618311660&sr=8-245
224,Pourquoi les japonaises ne vieillissent pas et ne grossissent pas: L'art de vivre japonais au service de la santé et de la minceur,"19,95€","3,0",8,https://www.amazon.fr//Pourquoi-Japonaises-vieillissent-pas-grossissent/dp/2290004375/ref=sr_1_246?dchild=1&keywords=livre+minceur&qid=1618311660&sr=8-246
225,"Régime keto: Découvrez la céto cuisine avec un plan de repas de 28 jours + 121 recettes cétogènes novatrices, délicieuses et inratables pour régime cétogène et régime Low-Carb. Recettes keto faciles","25,99€","4,4",250,https://www.amazon.fr//R%C3%A9gime-keto-novatrices-d%C3%A9licieuses-inratables-ebook/dp/B07MB6VG5B/ref=sr_1_247?dchild=1&keywords=livre+minceur&qid=1618311660&sr=8-247
226,"Mes Recettes Favorites: cahier de recettes à remplir | Carnet personnalisé pour 50 recettes de cuisine à compléter | 2 pages par recette | Grand ... 27,94 cm couleur rouge | Idée cadeau à offrir","10,29€","4,0",35,https://www.amazon.fr//gp/slredirect/picassoRedirect.html/ref=pa_sp_btf_aps_sr_pg5_1?ie=UTF8&adId=A03609491VJBZDN34G1MJ&url=%2FMes-Recettes-Favorites-personnalis%25C3%25A9-compl%25C3%25A9ter%2Fdp%2FB0898XWBVR%2Fref%3Dsr_1_248_sspa%3Fdchild%3D1%26keywords%3Dlivre%2Bminceur%26qid%3D1618311660%26sr%3D8-248-spons%26psc%3D1&qualifier=1618311660&id=5149148682135537&widgetName=sp_btf
227,"Mon Carnet de recettes: Livre de recettes à écrire | Carnet personnalisé pour 50 recettes de cuisine à remplir | 2 pages par recette |Grand Format 21,59 cm x 27,94 cm [ Idée cadeau à offrir","19,90€","5,0",1,https://www.amazon.fr//gp/slredirect/picassoRedirect.html/ref=pa_sp_btf_aps_sr_pg5_1?ie=UTF8&adId=A06898121TM6M1KTG5XEH&url=%2FMon-Carnet-recettes-personnalis%25C3%25A9-cuisine%2Fdp%2FB08992BD7F%2Fref%3Dsr_1_249_sspa%3Fdchild%3D1%26keywords%3Dlivre%2Bminceur%26qid%3D1618311660%26sr%3D8-249-spons%26psc%3D1&qualifier=1618311660&id=5149148682135537&widgetName=sp_btf
228,"Mes 100 recettes Minceur - A compléter, cuisiner et savourer: Carnet, livre et cahier de cuisine à écrire, remplir & compléter soi-même I Noël I Idée ... toi en main avec tes recettes personnalisées","5,99€","4,2",796,https://www.amazon.fr//gp/slredirect/picassoRedirect.html/ref=pa_sp_atf_next_aps_sr_pg6_1?ie=UTF8&adId=A04290083U8Y42CCE0VVR&url=%2FMes-100-recettes-Minceur-personnalis%25C3%25A9es%2Fdp%2FB08F6Y3T5Z%2Fref%3Dsr_1_241_sspa%3Fdchild%3D1%26keywords%3Dlivre%2Bminceur%26qid%3D1618311662%26sr%3D8-241-spons%26psc%3D1&qualifier=1618311662&id=1907386370421329&widgetName=sp_atf_next
229,Livre de Cave à vin: Carnet pour aménager et gérer sa cave à vin comme un pro + 100 fiches pour suivre son stock de vins,"4,99€","4,2",161,https://www.amazon.fr//gp/slredirect/picassoRedirect.html/ref=pa_sp_atf_next_aps_sr_pg6_1?ie=UTF8&adId=A02276763NCIL8J1ZQ4ST&url=%2FLivre-Cave-vin-Carnet-am%25C3%25A9nager%2Fdp%2FB08TLN6HRJ%2Fref%3Dsr_1_242_sspa%3Fdchild%3D1%26keywords%3Dlivre%2Bminceur%26qid%3D1618311662%26sr%3D8-242-spons%26psc%3D1&qualifier=1618311662&id=1907386370421329&widgetName=sp_atf_next
230,Mes Recettes Mon Cahier de Recettes: Mon Carnet pour 100 recettes à compléter - Un carnet de recettes à remplir - Livre de Cuisine Personnalisable avec vos recettes de famille.,"6,28€","2,8",21,https://www.amazon.fr//gp/slredirect/picassoRedirect.html/ref=pa_sp_atf_next_aps_sr_pg6_1?ie=UTF8&adId=A101704031NNSJ1AXRCZQ&url=%2FMes-Recettes-Mon-Cahier-Personnalisable%2Fdp%2FB08LNBWCVH%2Fref%3Dsr_1_243_sspa%3Fdchild%3D1%26keywords%3Dlivre%2Bminceur%26qid%3D1618311662%26sr%3D8-243-spons%26psc%3D1&qualifier=1618311662&id=1907386370421329&widgetName=sp_atf_next
231,Ma cave à vin : Comment organiser une cave à vin ? 6 pages de conseils et 101 fiches à remplir. livre idéal pour les amateurs de vin et pour faire un cadeau original et utile.,"6,99€","5,0",1,https://www.amazon.fr//gp/slredirect/picassoRedirect.html/ref=pa_sp_atf_next_aps_sr_pg6_1?ie=UTF8&adId=A0492679K7V91BTEX2S9&url=%2FMa-cave-vin-organiser-conseils%2Fdp%2FB08P3JTMX8%2Fref%3Dsr_1_244_sspa%3Fdchild%3D1%26keywords%3Dlivre%2Bminceur%26qid%3D1618311662%26sr%3D8-244-spons%26psc%3D1&qualifier=1618311662&id=1907386370421329&widgetName=sp_atf_next
232,"Agenda Minceur Jeûne Intermittent: Carnet à Compléter 90 Jours - Régime Alimentaire - Fasting 16/8 - Journal de Nutrition et d’Activité Sportive, ... rapidement les graisses- couverture souple","14,90€","4,5",2,https://www.amazon.fr//Agenda-Minceur-Je%C3%BBne-Intermittent-Alimentaire/dp/1661691633/ref=sr_1_245?dchild=1&keywords=livre+minceur&qid=1618311662&sr=8-245
233,Mes Jus de Légumes - recettes à l'extracteur: Carnet de recettes à compléter de vos 100 jus de légumes et fruits préférés | livre de 60 pages | format 15.24 x 22.86 cm,"5,99€","5,0",2,https://www.amazon.fr//Mes-Jus-L%C3%A9gumes-lextracteur-compl%C3%A9ter/dp/B085RTKHJ5/ref=sr_1_246?dchild=1&keywords=livre+minceur&qid=1618311662&sr=8-246
234,"Comment Contrôler Les Crises D'Anxiété et de Panique: Des secrets efficaces pour vous retrouver et profiter d'une vie relaxante. Comment calmer l'anxiété, les symptômes et les crises.","7,70€","4,1",57,https://www.amazon.fr//Comment-Contr%C3%B4ler-Crises-DAnxi%C3%A9t%C3%A9-Panique/dp/B084DD8WCK/ref=sr_1_247?dchild=1&keywords=livre+minceur&qid=1618311662&sr=8-247
235,Food & Fitness Diary: Régime Alimentaire Agenda 90 JOURS: Journal minceur à compléter,"9,95€","4,3",16,https://www.amazon.fr//Food-Fitness-Diary-Alimentaire-compl%C3%A9ter/dp/154269079X/ref=sr_1_248?dchild=1&keywords=livre+minceur&qid=1618311662&sr=8-248
236,Une journée dans mon assiette Vegan,"9,50€","4,5",7,https://www.amazon.fr//Une-journ%C3%A9e-dans-assiette-Vegan/dp/2017084433/ref=sr_1_249?dchild=1&keywords=livre+minceur&qid=1618311662&sr=8-249
237,Ma cure céto: Une nouvelle vie en 14 jours,"6,99€","4,4",203,https://www.amazon.fr//Ma-cure-c%C3%A9to-nouvelle-jours/dp/9401474206/ref=sr_1_250?dchild=1&keywords=livre+minceur&qid=1618311662&sr=8-250
238,"Journal de suivi minceur ou prise de masse 90 jours.: ournal minceur ou prise de masse, permet un suivi quotidien de votre alimentation et de votre ... une perte de poids ou prise de masse durable","5,95€","5,0",3,https://www.amazon.fr//Journal-suivi-minceur-prise-jours/dp/B08NWQZWND/ref=sr_1_251?dchild=1&keywords=livre+minceur&qid=1618311662&sr=8-251
239,Nouveau régime IG pour les diabétiques et les prédiabétiques,"7,37€","4,4",19,https://www.amazon.fr//Nouveau-r%C3%A9gime-pour-diab%C3%A9tiques-pr%C3%A9diab%C3%A9tiques/dp/2916878920/ref=sr_1_252?dchild=1&keywords=livre+minceur&qid=1618311662&sr=8-252
240,Agenda Minceur 90 jours: Carnet Alimentaire à Compléter Chaque Jour | Journal Alimentaire et D'activités Physiques.,"17,00€","4,4",9,https://www.amazon.fr//Agenda-Minceur-jours-Alimentaire-Dactivit%C3%A9s/dp/B08GFPRJNW/ref=sr_1_253?dchild=1&keywords=livre+minceur&qid=1618311662&sr=8-253
241,"Mon Agenda Minceur 90 Jours: Simple Carnet Régime Alimentaire à Compléter Chaque Jour | Journal Alimentaire et D'activités Physiques 90 jours . Suivi régime, mon régime, carnet de suivi alimentaire","7,99€","4,4",55,https://www.amazon.fr//Mon-Agenda-Minceur-Jours-Alimentaire/dp/B08H9RB21H/ref=sr_1_254?dchild=1&keywords=livre+minceur&qid=1618311662&sr=8-254
242,Agenda Minceur 90 jours: Journal de Régime Alimentaire et activité physique à compléter pour un suivi facile de tes objectifs et ta motivation | Belle couverture Glossy en Marbre Or Rose,"2,99€","4,4",55,https://www.amazon.fr//Agenda-Minceur-jours-Alimentaire-motivation/dp/B08TMV5LK4/ref=sr_1_255?dchild=1&keywords=livre+minceur&qid=1618311662&sr=8-255
243,Le Secret du Poids,"11,96€","3,8",16,https://www.amazon.fr//Secret-du-Poids-Florence-Delorme/dp/2746649519/ref=sr_1_256?dchild=1&keywords=livre+minceur&qid=1618311662&sr=8-256
244,"Recettes avec Extracteur de Jus: Livre recette extracteur de jus a remplir pour detox, jeune, cuisiner simple ou pour le plaisir du gout. Carnet de ... pour maigrir ou manger léger | 100 recettes","9,00€","3,0",1,https://www.amazon.fr//Recettes-avec-Extracteur-Jus-extracteur/dp/B08KQTNCBQ/ref=sr_1_257?dchild=1&keywords=livre+minceur&qid=1618311662&sr=8-257
245,Chassez la graisse abdominale - Nouvelle version,"29,95€","5,0",1,https://www.amazon.fr//Chassez-graisse-abdominale-Nouvelle-version/dp/2359345524/ref=sr_1_258?dchild=1&keywords=livre+minceur&qid=1618311662&sr=8-258
246,Bowl cakes : gâteau express en 2 minutes ! (Les Petites Recettes Hachette),"8,43€","4,3",23,https://www.amazon.fr//Bowl-cakes-express-Recettes-Hachette-ebook/dp/B0747NSFNY/ref=sr_1_259?dchild=1&keywords=livre+minceur&qid=1618311662&sr=8-259
247,"Mon Agenda Minceur: Carnet pré-rempli pour 90 jours de suivi de votre régime, Poids, et d’activité sportive pour Les Femmes","4,96€","4,3",26,https://www.amazon.fr//Mon-Agenda-Minceur-pr%C3%A9-rempli-dactivit%C3%A9/dp/B08ZVWQ5D2/ref=sr_1_260?dchild=1&keywords=livre+minceur&qid=1618311662&sr=8-260
248,Le petit livre de la minceur : Les calories des aliments du quotidien,"6,95€","4,0",3,https://www.amazon.fr//petit-livre-minceur-calories-quotidien/dp/2754006389/ref=sr_1_261?dchild=1&keywords=livre+minceur&qid=1618311662&sr=8-261
249,1 mois pour perdre 5kg,"9,50€","5,0",1,https://www.amazon.fr//1-mois-pour-perdre-5kg/dp/2017077860/ref=sr_1_262?dchild=1&keywords=livre+minceur&qid=1618311662&sr=8-262
