,Titres,Format Prix,Evaluations (sur 5),Nombre d'√©valuations,Liens
0,La bible officielle du cookeo: 200 recettes incontournables pour cuisiner au quotidien,"['Reli√© 19,95‚Ç¨‚Ç¨']","4,7",3280,https://www.amazon.fr//bible-officielle-cookeo-incontournables-quotidien/dp/2035961025/ref=sr_1_49?dchild=1&keywords=livre+recettes+minceur&qid=1618529736&sr=8-49
1,Recettes √©quilibr√©es sans se ruiner avec Cookeo,"['Broch√© 9,95‚Ç¨‚Ç¨']","4,5",295,https://www.amazon.fr//Recettes-%C3%A9quilibr%C3%A9es-sans-ruiner-Cookeo/dp/2035986257/ref=sr_1_50?dchild=1&keywords=livre+recettes+minceur&qid=1618529736&sr=8-50
2,Les recettes cultes de Big Will,"['Broch√© 19,90‚Ç¨‚Ç¨']","4,6",524,https://www.amazon.fr//recettes-cultes-Big-Will/dp/2263161279/ref=sr_1_51?dchild=1&keywords=livre+recettes+minceur&qid=1618529736&sr=8-51
3,Mon livre de recettes Poke Bowl | 100 recettes √† remplir: Livre de cuisine √† compl√©ter,"['Broch√© 9,50‚Ç¨‚Ç¨']","5,0",1,https://www.amazon.fr//livre-recettes-Poke-Bowl-remplir/dp/B08L41B4X6/ref=sr_1_52?dchild=1&keywords=livre+recettes+minceur&qid=1618529736&sr=8-52
4,LA M√âTHODE 10/10: Ce livre fait perdre 10 kg et vivre 10 ans de plus,"['Format Kindle 9,99‚Ç¨‚Ç¨', 'Broch√© 24,90‚Ç¨‚Ç¨']","3,7",649,https://www.amazon.fr//M%C3%89THODE-10-livre-perdre-vivre-ebook/dp/B01HIYDRSM/ref=sr_1_53?dchild=1&keywords=livre+recettes+minceur&qid=1618529736&sr=8-53
5,"MES 100 RECETTES GRAINES DE CHIA MINCEUR - A compl√©ter, cuisiner et savourer: Livre de recettes √† √©crire soi-m√™me I Carnet & Cahier I Id√©e cadeau I ... I Bypass I gastroplastie I sleeve I mix√©e","['Broch√© 9,40‚Ç¨‚Ç¨']",None,None,https://www.amazon.fr//RECETTES-GRAINES-CHIA-MINCEUR-gastroplastie/dp/B08BW8M2RQ/ref=sr_1_54?dchild=1&keywords=livre+recettes+minceur&qid=1618529736&sr=8-54
6,Ma cuisine au robot-cuiseur - 150 recettes faciles et rapides,"['Broch√© 7,95‚Ç¨‚Ç¨']","4,4",759,https://www.amazon.fr//Ma-cuisine-robot-cuiseur-recettes-faciles/dp/2412028184/ref=sr_1_55?dchild=1&keywords=livre+recettes+minceur&qid=1618529736&sr=8-55
7,Mes petites recettes magiques 100% jus d√©tox,"['Broch√© 6,00‚Ç¨‚Ç¨', 'Poche 6,00‚Ç¨‚Ç¨', 'Format Kindle 4,99‚Ç¨‚Ç¨']","4,2",392,https://www.amazon.fr//petites-recettes-magiques-100-d%C3%A9tox/dp/B078FFX769/ref=sr_1_56?dchild=1&keywords=livre+recettes+minceur&qid=1618529736&sr=8-56
8,Les secrets de la cuisine √† indice glyc√©mique bas,"['Broch√© 22,00‚Ç¨‚Ç¨']","4,4",214,https://www.amazon.fr//secrets-cuisine-IG-bas-silhouette/dp/2360982435/ref=sr_1_57?dchild=1&keywords=livre+recettes+minceur&qid=1618529736&sr=8-57
9,Recettes light inratables !,"['Reli√© 19,95‚Ç¨‚Ç¨', 'Format Kindle 14,99‚Ç¨‚Ç¨']","4,7",63,https://www.amazon.fr//Recettes-light-inratables-No%C3%A9mie-Strouk/dp/203593396X/ref=sr_1_58?dchild=1&keywords=livre+recettes+minceur&qid=1618529736&sr=8-58
10,Companion recettes l√©g√®res,"['Format Kindle 7,99‚Ç¨‚Ç¨', 'Broch√© 9,95‚Ç¨‚Ç¨']","4,5",354,https://www.amazon.fr//Companion-recettes-l%C3%A9g%C3%A8res-Coralie-Ferreira/dp/2035961122/ref=sr_1_59?dchild=1&keywords=livre+recettes+minceur&qid=1618529736&sr=8-59
11,200 menus √©quilibr√©s √† moins de 2 euros,"['Format Kindle 3,99‚Ç¨‚Ç¨', 'Broch√© 5,90‚Ç¨‚Ç¨']","4,1",193,https://www.amazon.fr//200-menus-%C3%A9quilibr%C3%A9s-moins-euros/dp/2263050035/ref=sr_1_60?dchild=1&keywords=livre+recettes+minceur&qid=1618529736&sr=8-60
12,Plats du soir avec cookeo,"['Format Kindle 7,99‚Ç¨‚Ç¨', 'Broch√© 9,95‚Ç¨‚Ç¨']","4,5",282,https://www.amazon.fr//Plats-du-soir-avec-cookeo/dp/2295008891/ref=sr_1_61?dchild=1&keywords=livre+recettes+minceur&qid=1618529736&sr=8-61
13,Les Recettes du r√©gime IG,"['Format Kindle 9,99‚Ç¨‚Ç¨', 'Broch√© 14,90‚Ç¨‚Ç¨']","4,2",93,https://www.amazon.fr//Recettes-du-r%C3%A9gime-IG/dp/2365490956/ref=sr_1_62?dchild=1&keywords=livre+recettes+minceur&qid=1618529736&sr=8-62
14,Recettes mini budget avec cookeo (Moulinex D&T),"['Format Kindle 7,99‚Ç¨‚Ç¨', 'Broch√© 9,95‚Ç¨‚Ç¨']","4,6",1043,https://www.amazon.fr//Recettes-mini-budget-cookeo-Moulinex-ebook/dp/B07MTCSN3S/ref=sr_1_63?dchild=1&keywords=livre+recettes+minceur&qid=1618529736&sr=8-63
15,Simplissime - Les recettes au cuit-vapeur les + faciles du monde,"['Format Kindle 5,49‚Ç¨‚Ç¨', 'Reli√© 7,95‚Ç¨‚Ç¨']","4,3",397,https://www.amazon.fr//Simplissime-recettes-cuit-vapeur-faciles-monde/dp/2019497859/ref=sr_1_64?dchild=1&keywords=livre+recettes+minceur&qid=1618529736&sr=8-64
16,"R√©gime keto: D√©couvrez la c√©to cuisine avec un plan de repas de 28 jours + 121 recettes c√©tog√®nes novatrices, d√©licieuses et inratables pour r√©gime c√©tog√®ne et r√©gime Low-Carb. Recettes keto faciles","['Format Kindle 2,99‚Ç¨‚Ç¨', 'Broch√© 9,90‚Ç¨‚Ç¨']","3,5",739,https://www.amazon.fr//R%C3%A9gime-keto-novatrices-d%C3%A9licieuses-inratables/dp/179301874X/ref=sr_1_65?dchild=1&keywords=livre+recettes+minceur&qid=1618529736&sr=8-65
17,R√©gime Keto: D√©couvrez 105 recettes c√©tog√®nes d√©licieuses et inratables !,"['Format Kindle 4,90‚Ç¨‚Ç¨', 'Broch√© 9,58‚Ç¨‚Ç¨']",None,None,https://www.amazon.fr//R%C3%A9gime-Keto-D%C3%A9couvrez-d%C3%A9licieuses-inratables/dp/B08ZF5SG9C/ref=sr_1_66?dchild=1&keywords=livre+recettes+minceur&qid=1618529736&sr=8-66
18,Mincir sainement avec le r√©gime Okinawa: Les secrets pour vivre en forme jusqu'√† 100 ans et plus - Inclus 21 recettes minceur,"['Broch√© 8,99‚Ç¨‚Ç¨', 'Format Kindle 4,99‚Ç¨‚Ç¨']","3,9",104,https://www.amazon.fr//Mincir-sainement-avec-r%C3%A9gime-Okinawa/dp/1533650438/ref=sr_1_67?dchild=1&keywords=livre+recettes+minceur&qid=1618529736&sr=8-67
19,230 recettes gourmandes pour mincir sur mesure,"['Broch√© 16,90‚Ç¨‚Ç¨']","4,3",177,https://www.amazon.fr//recettes-gourmandes-pour-mincir-mesure/dp/2226241558/ref=sr_1_68?dchild=1&keywords=livre+recettes+minceur&qid=1618529736&sr=8-68
20,R√©gime C√©tog√®ne: Perdre jusqu‚Äô√† 10kg en quelques jours,"['Broch√© 7,87‚Ç¨‚Ç¨', 'Format Kindle 2,99‚Ç¨‚Ç¨']","3,2",109,https://www.amazon.fr//gp/slredirect/picassoRedirect.html/ref=pa_sp_mtf_aps_sr_pg2_1?ie=UTF8&adId=A026254834VHE5WAX6WDJ&url=%2FR%25C3%25A9gime-C%25C3%25A9tog%25C3%25A8ne-Perdre-jusqu%25C3%25A0-quelques%2Fdp%2F1975650492%2Fref%3Dsr_1_69_sspa%3Fdchild%3D1%26keywords%3Dlivre%2Brecettes%2Bminceur%26qid%3D1618529736%26sr%3D8-69-spons%26psc%3D1&qualifier=1618529736&id=7058618276968941&widgetName=sp_mtf
21,Mon Agenda minceur: objectif 90 jours journal motivant de suivi de regime 100 pages format pratique A5,"['Broch√© 6,99‚Ç¨‚Ç¨']","3,0",1,https://www.amazon.fr//gp/slredirect/picassoRedirect.html/ref=pa_sp_mtf_aps_sr_pg2_1?ie=UTF8&adId=A08406002KUTCSW2IWF9H&url=%2FMon-Agenda-minceur-objectif-motivant%2Fdp%2FB08NTST58K%2Fref%3Dsr_1_70_sspa%3Fdchild%3D1%26keywords%3Dlivre%2Brecettes%2Bminceur%26qid%3D1618529736%26sr%3D8-70-spons%26psc%3D1&qualifier=1618529736&id=7058618276968941&widgetName=sp_mtf
22,Agenda minceur 90 jours - mon suivi alimentaire d√©taill√©: v2-1 Cahier r√©gime | 90 jours pour maigrir | carnet regime √† compl√©ter sur 90 jours | 21cm x ... broch√© | planificateur fond gris anthracite,"['Broch√© 7,99‚Ç¨‚Ç¨']",None,None,https://www.amazon.fr//gp/slredirect/picassoRedirect.html/ref=pa_sp_mtf_aps_sr_pg2_1?ie=UTF8&adId=A0855182SSS683KFQT2I&url=%2FAgenda-minceur-jours-alimentaire-planificateur%2Fdp%2FB08C94RKBT%2Fref%3Dsr_1_71_sspa%3Fdchild%3D1%26keywords%3Dlivre%2Brecettes%2Bminceur%26qid%3D1618529736%26sr%3D8-71-spons%26psc%3D1&qualifier=1618529736&id=7058618276968941&widgetName=sp_mtf
23,"Le R√©gime C√©tog√®ne: Perdez du poids efficacement avec le r√©gime c√©tog√®ne - inclus un programme de 14 jours, id√©al aussi bien pour les d√©butants que pour les connaisseurs","['Broch√© 7,95‚Ç¨‚Ç¨', 'Format Kindle 3,95‚Ç¨‚Ç¨']","3,7",393,https://www.amazon.fr//gp/slredirect/picassoRedirect.html/ref=pa_sp_mtf_aps_sr_pg2_1?ie=UTF8&adId=A09823072S7BINM3N0QL3&url=%2FR%25C3%25A9gime-C%25C3%25A9tog%25C3%25A8ne-efficacement-programme-connaisseurs%2Fdp%2FB087SN2SSW%2Fref%3Dsr_1_72_sspa%3Fdchild%3D1%26keywords%3Dlivre%2Brecettes%2Bminceur%26qid%3D1618529736%26sr%3D8-72-spons%26psc%3D1&qualifier=1618529736&id=7058618276968941&widgetName=sp_mtf
24,"La cuisine √† IG bas, c'est bon pour moi !","['Format Kindle 8,99‚Ç¨‚Ç¨', 'Broch√© 12,90‚Ç¨‚Ç¨']","4,6",266,https://www.amazon.fr//cuisine-bas-cest-bon-pour/dp/2035972493/ref=sr_1_73?dchild=1&keywords=livre+recettes+minceur&qid=1618529736&sr=8-73
25,Le nouveau R√©gime IG : Index Glyc√©mique. Maigrir en ma√Ætrisant sa glyc√©mie,"['Broch√© 16,00‚Ç¨‚Ç¨', 'Format Kindle 10,99‚Ç¨‚Ç¨']","4,4",680,https://www.amazon.fr//nouveau-R%C3%A9gime-IG-Glyc%C3%A9mique-ma%C3%AEtrisant/dp/2916878629/ref=sr_1_74?dchild=1&keywords=livre+recettes+minceur&qid=1618529736&sr=8-74
26,Superbowls les repas sant√© & √©quilibr√©s,"['Broch√© 9,95‚Ç¨‚Ç¨']","4,5",305,https://www.amazon.fr//Superbowls-repas-%C3%A9quilibr%C3%A9s-Quitterie-Pasquesoone/dp/2035926513/ref=sr_1_75?dchild=1&keywords=livre+recettes+minceur&qid=1618529736&sr=8-75
27,100 Recettes √† d√©vorer - Cuisine minceur pour les gourmands,"['Broch√© 4,99‚Ç¨‚Ç¨']","4,0",200,https://www.amazon.fr//100-Recettes-d%C3%A9vorer-Cuisine-gourmands/dp/2263067752/ref=sr_1_76?dchild=1&keywords=livre+recettes+minceur&qid=1618529736&sr=8-76
28,150 recettes light au robot-cuiseur,"['Format Kindle 5,99‚Ç¨‚Ç¨', 'Broch√© 7,95‚Ç¨‚Ç¨']","4,3",160,https://www.amazon.fr//150-recettes-light-au-robot-cuiseur/dp/2412042756/ref=sr_1_77?dchild=1&keywords=livre+recettes+minceur&qid=1618529736&sr=8-77
29,En 2H je cuisine light pour toute la semaine,"['Broch√© 19,95‚Ç¨‚Ç¨', 'Format Kindle 14,99‚Ç¨‚Ç¨']","4,3",936,https://www.amazon.fr//cuisine-light-pour-toute-semaine/dp/2017059757/ref=sr_1_78?dchild=1&keywords=livre+recettes+minceur&qid=1618529736&sr=8-78
30,Dash minceur,"['Broch√© 18,00‚Ç¨‚Ç¨']","3,8",17,https://www.amazon.fr//Dash-minceur-Anne-Dufour/dp/B07XW7DHKV/ref=sr_1_79?dchild=1&keywords=livre+recettes+minceur&qid=1618529736&sr=8-79
31,Simplissime desserts: Le livre de desserts les + faciles du monde,"['Format Kindle 10,99‚Ç¨‚Ç¨', 'Reli√© 14,95‚Ç¨‚Ç¨']","4,5",522,https://www.amazon.fr//Simplissime-desserts-livre-faciles-monde/dp/2011356431/ref=sr_1_80?dchild=1&keywords=livre+recettes+minceur&qid=1618529736&sr=8-80
32,"Mes Recettes de Jus de L√©gumes Minceur: Livre recette extracteur de jus a remplir pour detox, jeune, cuisiner simple ou pour le plaisir du gout. ... pour maigrir ou manger l√©ger | 100 recettes","['Broch√© 6,99‚Ç¨‚Ç¨']","5,0",1,https://www.amazon.fr//Mes-Recettes-Jus-L%C3%A9gumes-Minceur/dp/B08KQVY7HN/ref=sr_1_81?dchild=1&keywords=livre+recettes+minceur&qid=1618529736&sr=8-81
33,"R√©gime C√©tog√®ne: Le Guide Complet pour Perdre du Poids, Am√©liorer votre Mode de Vie Gr√¢ce √† un Plan Alimentaire Comprenant des Recettes √† IG Bas que vous Pourrez Combiner avec le Je√ªne Intermittent","['Format Kindle 5,99‚Ç¨‚Ç¨', 'Broch√© 13,61‚Ç¨‚Ç¨']","4,5",15,https://www.amazon.fr//R%C3%A9gime-C%C3%A9tog%C3%A8ne-Alimentaire-Comprenant-Intermittent/dp/B08DSSZFV3/ref=sr_1_82?dchild=1&keywords=livre+recettes+minceur&qid=1618529736&sr=8-82
34,Cuisine l√©g√®re NE - 1001 recettes,"['Reli√© 9,95‚Ç¨‚Ç¨']","3,9",37,https://www.amazon.fr//Cuisine-l%C3%A9g%C3%A8re-NE-1001-recettes/dp/2263149252/ref=sr_1_83?dchild=1&keywords=livre+recettes+minceur&qid=1618529736&sr=8-83
35,Mangez sain mangez bien avec Cookeo,"['Format Kindle 7,99‚Ç¨‚Ç¨', 'Broch√© 9,95‚Ç¨‚Ç¨']","4,5",345,https://www.amazon.fr//Mangez-sain-mangez-bien-Cookeo/dp/2035955173/ref=sr_1_84?dchild=1&keywords=livre+recettes+minceur&qid=1618529736&sr=8-84
36,La Grande Cuisine Minceur,"['Broch√© 16,00‚Ç¨‚Ç¨', 'Poche 1,48‚Ç¨‚Ç¨', 'Reli√© 1,76‚Ç¨‚Ç¨']","3,7",46,https://www.amazon.fr//Grande-Cuisine-Minceur-Michel-GU%C3%89RARD/dp/2221112970/ref=sr_1_85?dchild=1&keywords=livre+recettes+minceur&qid=1618529736&sr=8-85
37,"Mes Recettes de Jus de L√©gumes Minceur: Livre recette extracteur de jus a remplir pour detox, jeune, cuisiner simple ou pour le plaisir du gout. ... pour maigrir ou manger l√©ger | 100 recettes","['Broch√© 6,99‚Ç¨‚Ç¨']",None,None,https://www.amazon.fr//Mes-Recettes-Jus-L%C3%A9gumes-Minceur/dp/B08KQXLW5D/ref=sr_1_86?dchild=1&keywords=livre+recettes+minceur&qid=1618529736&sr=8-86
38,Eaux d√©tox,"['Format Kindle 5,99‚Ç¨‚Ç¨', 'Reli√© 7,99‚Ç¨‚Ç¨']","4,5",185,https://www.amazon.fr//Eaux-d%C3%A9tox-Jessie-Kanelos-Weiner/dp/2501115139/ref=sr_1_87?dchild=1&keywords=livre+recettes+minceur&qid=1618529736&sr=8-87
39,"MES 100 RECETTES CUISINE RAPIDE MINCEUR - A compl√©ter, cuisiner et savourer: Livre de recettes √† √©crire soi-m√™me I Carnet & Cahier I Id√©e cadeau I ... I Maigrir I Mincir I Perdre du poid I","['Broch√© 9,40‚Ç¨‚Ç¨']","1,0",1,https://www.amazon.fr//MES-RECETTES-CUISINE-RAPIDE-MINCEUR/dp/B08BWFVXZL/ref=sr_1_88?dchild=1&keywords=livre+recettes+minceur&qid=1618529736&sr=8-88
40,"Le Minceur: Plus de 100 pages - Moins de Kilo - Livre de Recettes √† Remplir - 8,5 √ó 11 pouces - Un Grand Format pour Maigrir","['Broch√© 5,99‚Ç¨‚Ç¨']",None,None,https://www.amazon.fr//Minceur-Recettes-Remplir-pouces-Maigrir/dp/B08924C48N/ref=sr_1_89?dchild=1&keywords=livre+recettes+minceur&qid=1618529736&sr=8-89
41,Les Recettes minceur de Sybille Montignac,"['Broch√© 18,50‚Ç¨‚Ç¨']","3,9",21,https://www.amazon.fr//Recettes-minceur-Sybille-Montignac/dp/2359344307/ref=sr_1_90?dchild=1&keywords=livre+recettes+minceur&qid=1618529736&sr=8-90
42,Recettes v√©g√©tariennes au Cookeo: Des recettes saines et √©quilibr√©es et v√©g√©tariens pour toute la famille.,"['Broch√© 9,89‚Ç¨‚Ç¨', 'Format Kindle 4,90‚Ç¨‚Ç¨']","5,0",2,https://www.amazon.fr//Recettes-v%C3%A9g%C3%A9tariennes-Cookeo-%C3%A9quilibr%C3%A9es-v%C3%A9g%C3%A9tariens/dp/B08VRMMWL6/ref=sr_1_91?dchild=1&keywords=livre+recettes+minceur&qid=1618529736&sr=8-91
43,Le meilleur r√©gime du monde: Le meilleur r√©gime du monde : Dietary Approaches to Stop Hypertension,"['Broch√© 18,00‚Ç¨‚Ç¨', 'Format Kindle 12,99‚Ç¨‚Ç¨']","4,0",107,https://www.amazon.fr//DASH-meilleur-Dietary-Approaches-Hypertension/dp/B011QKRTIS/ref=sr_1_92?dchild=1&keywords=livre+recettes+minceur&qid=1618529736&sr=8-92
44,"Recettes c√©tog√®ne: 77 recettes d√©licieuses ‚Äì Petit-d√©jeuner, d√©jeuner, d√Æner, smoothies, desserts","['Format Kindle 2,99‚Ç¨‚Ç¨', 'Broch√© 6,98‚Ç¨‚Ç¨']","3,8",399,https://www.amazon.fr//Recettes-c%C3%A9tog%C3%A8ne-d%C3%A9licieuses-Petit-d%C3%A9jeuner-smoothies/dp/1975651472/ref=sr_1_93?dchild=1&keywords=livre+recettes+minceur&qid=1618529736&sr=8-93
45,R√©gime Keto pour d√©butants: D√©fi de 21 jours pour convertir votre corps en une machine √† br√ªler les graisses pour vivre plus sainement + 75 Recettes C√©tog√®nes Adapt√©es (R√©gime C√©tog√®ne),"['Broch√© 7,99‚Ç¨‚Ç¨', 'Format Kindle 3,99‚Ç¨‚Ç¨']","3,8",60,https://www.amazon.fr//R%C3%A9gime-Keto-pour-d%C3%A9butants-convertir/dp/1713287668/ref=sr_1_94?dchild=1&keywords=livre+recettes+minceur&qid=1618529736&sr=8-94
46,Carnet suivi perte de poids | Fitness Edition - 365 jours suivi simple et efficace : Suivre chaque jour l‚Äô√©volution de vos objectifs minceur ou sant√©,"['Broch√© 6,93‚Ç¨‚Ç¨']","3,9",3,https://www.amazon.fr//Carnet-suivi-perte-poids-Fitness/dp/B08HGNS644/ref=sr_1_95?dchild=1&keywords=livre+recettes+minceur&qid=1618529736&sr=8-95
47,"En 1 heure, je cuisine mes lunchs box pour toute la semaine","['Broch√© 19,95‚Ç¨‚Ç¨']","4,3",216,https://www.amazon.fr//heure-cuisine-lunchs-toute-semaine/dp/2017084581/ref=sr_1_96?dchild=1&keywords=livre+recettes+minceur&qid=1618529736&sr=8-96
48,"MES 100 JUS DETOX RECETTE MINCEUR - A compl√©ter, cuisiner et savourer: Livre de recettes √† √©crire soi-m√™me I Carnet & Cahier I Id√©e cadeau I No√´l I ... I concombre I brule graisse I Maigrir","['Broch√© 9,40‚Ç¨‚Ç¨']",None,None,https://www.amazon.fr//MES-100-DETOX-RECETTE-MINCEUR/dp/B08BWGQ84K/ref=sr_1_97?dchild=1&keywords=livre+recettes+minceur&qid=1618529736&sr=8-97
49,"En 2h je cuisine pour toute la semaine : 80 repas faits maison, sans g√¢chis et avec des produits de saison (Hors Collection Cuisine)","['Broch√© 24,95‚Ç¨‚Ç¨', 'Format Kindle 16,99‚Ç¨‚Ç¨']","4,3",1109,https://www.amazon.fr//cuisine-pour-toute-semaine-Collection-ebook/dp/B07KBDS2XV/ref=sr_1_98?dchild=1&keywords=livre+recettes+minceur&qid=1618529736&sr=8-98
50,Eau D√©toxüçπ| Mincir et Purifier son Organisme avec 30+ Recettes Simples et Rapides. 3√®me √âdition,"['Broch√© 11,98‚Ç¨‚Ç¨', 'Format Kindle  2,99‚Ç¨‚Ç¨']","4,5",13,https://www.amazon.fr//D%C3%A9tox%F0%9F%8D%B9-Purifier-Organisme-Recettes-Rapides/dp/1698628943/ref=sr_1_99?dchild=1&keywords=livre+recettes+minceur&qid=1618529736&sr=8-99
51,"Mon planificateur de menus: Organise, suis et planifie tes menus de la semaine : Un journal, carnet de bord, agenda et suivi alimentaire sur 52 ... de courses : Couverture de l√©gumes 2148","['Broch√© 5,99‚Ç¨‚Ç¨']","4,4",459,https://www.amazon.fr//Mon-planificateur-menus-alimentaire-Couverture/dp/1700812149/ref=sr_1_100?dchild=1&keywords=livre+recettes+minceur&qid=1618529736&sr=8-100
52,"LE R√âGIME ANTI-INFLAMMATOIRE: Programme de 10 semaines et plus de 200 recettes de gu√©rison pour lutter contre l'inflammation et renforcer votre syst√®me immunitaire, du petit-d√©jeuner au d√Æner","['Format Kindle 7,97‚Ç¨‚Ç¨', 'Broch√© 15,81‚Ç¨‚Ç¨']","3,6",15,https://www.amazon.fr//gp/slredirect/picassoRedirect.html/ref=pa_sp_btf_aps_sr_pg2_1?ie=UTF8&adId=A08841553ELT6Y3AH4S2D&url=%2FR%25C3%2589GIME-ANTI-INFLAMMATOIRE-linflammation-immunitaire-petit-d%25C3%25A9jeuner%2Fdp%2FB08W7SQGCG%2Fref%3Dsr_1_101_sspa%3Fdchild%3D1%26keywords%3Dlivre%2Brecettes%2Bminceur%26qid%3D1618529736%26sr%3D8-101-spons%26psc%3D1&qualifier=1618529736&id=7058618276968941&widgetName=sp_btf
53,Mincir sainement avec le r√©gime Okinawa: Les secrets pour vivre en forme jusqu‚Äô√† 100 ans et plus - Inclus 21 recettes minceur,"['Broch√© 8,99‚Ç¨‚Ç¨', 'Format Kindle 4,99‚Ç¨‚Ç¨']","3,9",104,https://www.amazon.fr//gp/slredirect/picassoRedirect.html/ref=pa_sp_btf_aps_sr_pg2_1?ie=UTF8&adId=A040933810YLKLVJPA4UE&url=%2FMincir-sainement-avec-r%25C3%25A9gime-Okinawa-ebook%2Fdp%2FB01B4MIVXU%2Fref%3Dsr_1_103_sspa%3Fdchild%3D1%26keywords%3Dlivre%2Brecettes%2Bminceur%26qid%3D1618529736%26sr%3D8-103-spons%26psc%3D1&qualifier=1618529736&id=7058618276968941&widgetName=sp_btf
54,"L‚ÄôAlimentation Sant√©: Les super-aliments qui soignent - di√©t√©tique, r√©gimes sant√©, di√©toth√©rapie, pr√©vention et bien-√™tre avec les alicaments","['Format Kindle 2,99‚Ç¨‚Ç¨']","4,2",7,https://www.amazon.fr//gp/slredirect/picassoRedirect.html/ref=pa_sp_btf_aps_sr_pg2_1?ie=UTF8&adId=A008036324IX3BT8E5O6D&url=%2FVotre-sant%25C3%25A9-est-dans-lassiette-ebook%2Fdp%2FB01E94HAXW%2Fref%3Dsr_1_104_sspa%3Fdchild%3D1%26keywords%3Dlivre%2Brecettes%2Bminceur%26qid%3D1618529736%26sr%3D8-104-spons%26psc%3D1&qualifier=1618529736&id=7058618276968941&widgetName=sp_btf
55,Top Recettes - Livre de recettes √† remplir: v1-2 Carnet de recettes √† personnaliser | 125 pages 60 fiches recettes sur 2 pages | Grand Format | fond marron,"['Broch√© 7,99‚Ç¨‚Ç¨']",None,None,https://www.amazon.fr//gp/slredirect/picassoRedirect.html/ref=pa_sp_btf_aps_sr_pg2_1?ie=UTF8&adId=A091060531SPUF3E68E3L&url=%2FTop-Recettes-recettes-remplir-personnaliser%2Fdp%2FB08B325DZD%2Fref%3Dsr_1_106_sspa%3Fdchild%3D1%26keywords%3Dlivre%2Brecettes%2Bminceur%26qid%3D1618529736%26sr%3D8-106-spons%26psc%3D1&qualifier=1618529736&id=7058618276968941&widgetName=sp_btf
56,Carnet suivi perte de poids | Fitness Edition - 365 jours suivi simple et efficace : Suivre chaque jour l‚Äô√©volution de vos objectifs minceur ou sant√©,"['Broch√© 6,93‚Ç¨‚Ç¨']","3,9",3,https://www.amazon.fr//gp/slredirect/picassoRedirect.html/ref=pa_sp_btf_aps_sr_pg2_1?ie=UTF8&adId=A034455636K5FBE5RY1MC&url=%2FCarnet-suivi-perte-poids-Fitness%2Fdp%2FB08HGNS644%2Fref%3Dsr_1_107_sspa%3Fdchild%3D1%26keywords%3Dlivre%2Brecettes%2Bminceur%26qid%3D1618529736%26sr%3D8-107-spons%26psc%3D1&qualifier=1618529736&id=7058618276968941&widgetName=sp_btf
57,La P√¢tisserie: Place √† la gourmandise !,"['Format Kindle 4,99‚Ç¨‚Ç¨']","4,1",6,https://www.amazon.fr//gp/slredirect/picassoRedirect.html/ref=pa_sp_btf_aps_sr_pg2_1?ie=UTF8&adId=A02801011MMG1QATQ3CTM&url=%2FP%25C3%25A2tisserie-Place-%25C3%25A0-gourmandise-ebook%2Fdp%2FB08P3HRWRV%2Fref%3Dsr_1_108_sspa%3Fdchild%3D1%26keywords%3Dlivre%2Brecettes%2Bminceur%26qid%3D1618529736%26sr%3D8-108-spons%26psc%3D1&qualifier=1618529736&id=7058618276968941&widgetName=sp_btf
58,Simplissime - Les recettes au cuit-vapeur les + faciles du monde,"['Format Kindle 5,49‚Ç¨‚Ç¨', 'Reli√© 7,95‚Ç¨‚Ç¨']","4,3",397,https://www.amazon.fr//Simplissime-recettes-cuit-vapeur-faciles-monde/dp/2019497859/ref=sr_1_97?dchild=1&keywords=livre+recettes+minceur&qid=1618529737&sr=8-97
59,L'assiette de b√©b√©: Conseils pratiques et recettes d'une Naturopathe,"['Broch√© 19,95‚Ç¨‚Ç¨', 'Format Kindle 14,99‚Ç¨‚Ç¨']","4,3",38,https://www.amazon.fr//Lassiette-b%C3%A9b%C3%A9-Conseils-pratiques-Naturopathe/dp/2016258098/ref=sr_1_98?dchild=1&keywords=livre+recettes+minceur&qid=1618529737&sr=8-98
60,100 recettes gourmandes sans sel,"['Broch√© 14,00‚Ç¨‚Ç¨', 'Format Kindle 9,49‚Ç¨‚Ç¨']","3,7",16,https://www.amazon.fr//100-recettes-gourmandes-sans-sel/dp/2733913387/ref=sr_1_99?dchild=1&keywords=livre+recettes+minceur&qid=1618529737&sr=8-99
61,200 menus √©quilibr√©s √† moins de 2 euros,"['Format Kindle 3,99‚Ç¨‚Ç¨', 'Broch√© 5,90‚Ç¨‚Ç¨']","4,1",193,https://www.amazon.fr//200-menus-%C3%A9quilibr%C3%A9s-moins-euros/dp/2263050035/ref=sr_1_100?dchild=1&keywords=livre+recettes+minceur&qid=1618529737&sr=8-100
62,"MES 100 RECETTES HEALTHY - A compl√©ter, cuisiner et savourer: Livre de recettes √† √©crire soi-m√™me I Carnet & Cahier I Id√©e cadeau I No√´l I","['Broch√© 9,99‚Ç¨‚Ç¨']","3,8",5,https://www.amazon.fr//MES-100-RECETTES-HEALTHY-compl%C3%A9ter/dp/B08BWCFZDL/ref=sr_1_101?dchild=1&keywords=livre+recettes+minceur&qid=1618529737&sr=8-101
63,"Jus, la cure d√©tox et minceur","['Broch√© 15,90‚Ç¨‚Ç¨']","4,0",331,https://www.amazon.fr//Jus-cure-d%C3%A9tox-minceur-Cross/dp/2035905737/ref=sr_1_102?dchild=1&keywords=livre+recettes+minceur&qid=1618529737&sr=8-102
64,"LE R√âGIME ANTI-INFLAMMATOIRE: Programme de 10 semaines et plus de 200 recettes de gu√©rison pour lutter contre l'inflammation et renforcer votre syst√®me immunitaire, du petit-d√©jeuner au d√Æner","['Format Kindle 7,97‚Ç¨‚Ç¨', 'Broch√© 15,81‚Ç¨‚Ç¨']","3,6",15,https://www.amazon.fr//R%C3%89GIME-ANTI-INFLAMMATOIRE-linflammation-immunitaire-petit-d%C3%A9jeuner/dp/B08W7SQGCG/ref=sr_1_103?dchild=1&keywords=livre+recettes+minceur&qid=1618529737&sr=8-103
65,"MES 100 RECETTES CUISINE RAPIDE MINCEUR - A compl√©ter, cuisiner et savourer: Livre de recettes √† √©crire soi-m√™me I Carnet & Cahier I Id√©e cadeau I ... I Maigrir I Mincir I Perdre du poid I","['Broch√© 9,40‚Ç¨‚Ç¨']","1,0",1,https://www.amazon.fr//MES-RECETTES-CUISINE-RAPIDE-MINCEUR/dp/B08BWFVXZL/ref=sr_1_104?dchild=1&keywords=livre+recettes+minceur&qid=1618529737&sr=8-104
66,"Mon planificateur de menus: Organise, suis et planifie tes menus de la semaine : Un journal, carnet de bord, agenda et suivi alimentaire sur 52 ... de courses : Couverture de l√©gumes 2148","['Broch√© 5,99‚Ç¨‚Ç¨']","4,4",459,https://www.amazon.fr//Mon-planificateur-menus-alimentaire-Couverture/dp/1700812149/ref=sr_1_105?dchild=1&keywords=livre+recettes+minceur&qid=1618529737&sr=8-105
67,Recettes All√©g√©es au Thermomix,"['Broch√© 9,89‚Ç¨‚Ç¨', 'Format Kindle 4,90‚Ç¨‚Ç¨']",None,None,https://www.amazon.fr//Recettes-All%C3%A9g%C3%A9es-au-Thermomix-Fealty/dp/B0914PW38G/ref=sr_1_106?dchild=1&keywords=livre+recettes+minceur&qid=1618529737&sr=8-106
68,Recettes: 25 recettes de cookies faciles et gourmandes (Livre de recettes: biscuits),"['Broch√© 8,07‚Ç¨‚Ç¨', 'Format Kindle 2,60‚Ç¨‚Ç¨']","2,8",7,https://www.amazon.fr//Recettes-recettes-cookies-gourmandes-biscuits-ebook/dp/B07CNVGCXK/ref=sr_1_107?dchild=1&keywords=livre+recettes+minceur&qid=1618529737&sr=8-107
69,Petit livre - Recettes minceur,"['Broch√© 2,99‚Ç¨‚Ç¨']",None,None,https://www.amazon.fr//Petit-livre-Recettes-Catherine-POGGI/dp/2412034303/ref=sr_1_108?dchild=1&keywords=livre+recettes+minceur&qid=1618529737&sr=8-108
70,Cuisine l√©g√®re NE - 1001 recettes,"['Reli√© 9,95‚Ç¨‚Ç¨']","3,9",37,https://www.amazon.fr//Cuisine-l%C3%A9g%C3%A8re-NE-1001-recettes/dp/2263149252/ref=sr_1_109?dchild=1&keywords=livre+recettes+minceur&qid=1618529737&sr=8-109
71,Les secrets de la cuisine √† indice glyc√©mique bas,"['Broch√© 22,00‚Ç¨‚Ç¨']","4,4",214,https://www.amazon.fr//secrets-cuisine-IG-bas-silhouette/dp/2360982435/ref=sr_1_110?dchild=1&keywords=livre+recettes+minceur&qid=1618529737&sr=8-110
72,Le grand livre de la cuisine japonaise,"['Reli√© 29,95‚Ç¨‚Ç¨']","4,7",497,https://www.amazon.fr//grand-livre-cuisine-japonaise/dp/231701077X/ref=sr_1_111?dchild=1&keywords=livre+recettes+minceur&qid=1618529737&sr=8-111
73,"MES 100 RECETTES de CUISINE MINDEUR A compl√©ter, cuisiner et savoure: Livre de recettes √† √©crire soi-m√™me I Carnet du Fait MaisonI DIY I C√©tog√®ne I ... II Batch Cooking I Vegan I V√©g√©tarien","['Broch√© 9,38‚Ç¨‚Ç¨']",None,None,https://www.amazon.fr//RECETTES-CUISINE-MINDEUR-compl%C3%A9ter-cuisiner/dp/B08BDZ2HFB/ref=sr_1_112?dchild=1&keywords=livre+recettes+minceur&qid=1618529737&sr=8-112
74,"Mes 100 recettes IG BAS - A compl√©ter, cuisiner et savourer: Carnet, livre et cahier de cuisine √† √©crire, remplir & compl√©ter soi-m√™me I No√´l I Id√©e ... et favoriser la perte de poid (amaigrissant)","['Broch√© 11,96‚Ç¨‚Ç¨']","3,5",5,https://www.amazon.fr//Mes-100-recettes-BAS-amaigrissant/dp/B08F65S89R/ref=sr_1_113?dchild=1&keywords=livre+recettes+minceur&qid=1618529737&sr=8-113
75,"Les recette de mamie: Livre de recettes √† compl√©ter: Carnet pour 102 recettes | Format A4, 209 pages | 2 pages par recette. Ce Livre de Cuisine Vierge ... √âcrire et Transmettre vos Astuces de Famille.","['Broch√© 6,99‚Ç¨‚Ç¨']",None,None,https://www.amazon.fr//recette-mamie-recettes-compl%C3%A9ter-Transmettre/dp/B08YQR699Z/ref=sr_1_114?dchild=1&keywords=livre+recettes+minceur&qid=1618529737&sr=8-114
76,Mangez sain mangez bien avec Cookeo,"['Format Kindle 7,99‚Ç¨‚Ç¨', 'Broch√© 9,95‚Ç¨‚Ç¨']","4,5",345,https://www.amazon.fr//Mangez-sain-mangez-bien-Cookeo/dp/2035955173/ref=sr_1_115?dchild=1&keywords=livre+recettes+minceur&qid=1618529737&sr=8-115
77,40 Recettes de Smoothie faciles pour tous les jours: De la recette hypocalorique √† la bombe √† √©nergie pure,"['Format Kindle 4,99‚Ç¨‚Ç¨', 'Broch√© 5,99‚Ç¨‚Ç¨']","3,6",11,https://www.amazon.fr//Recettes-Smoothie-faciles-pour-jours/dp/1722809841/ref=sr_1_116?dchild=1&keywords=livre+recettes+minceur&qid=1618529737&sr=8-116
78,R√©gime C√©tog√®ne: Perdre jusqu‚Äô√† 10kg en quelques jours,"['Broch√© 7,87‚Ç¨‚Ç¨', 'Format Kindle 2,99‚Ç¨‚Ç¨']","3,2",109,https://www.amazon.fr//gp/slredirect/picassoRedirect.html/ref=pa_sp_mtf_aps_sr_pg3_1?ie=UTF8&adId=A026254834VHE5WAX6WDJ&url=%2FR%25C3%25A9gime-C%25C3%25A9tog%25C3%25A8ne-Perdre-jusqu%25C3%25A0-quelques%2Fdp%2F1975650492%2Fref%3Dsr_1_117_sspa%3Fdchild%3D1%26keywords%3Dlivre%2Brecettes%2Bminceur%26qid%3D1618529737%26sr%3D8-117-spons%26psc%3D1&qualifier=1618529737&id=8419359329788928&widgetName=sp_mtf
79,Mon Agenda minceur: objectif 90 jours journal motivant de suivi de regime 100 pages format pratique A5,"['Broch√© 6,99‚Ç¨‚Ç¨']","3,0",1,https://www.amazon.fr//gp/slredirect/picassoRedirect.html/ref=pa_sp_mtf_aps_sr_pg3_1?ie=UTF8&adId=A08406002KUTCSW2IWF9H&url=%2FMon-Agenda-minceur-objectif-motivant%2Fdp%2FB08NTST58K%2Fref%3Dsr_1_118_sspa%3Fdchild%3D1%26keywords%3Dlivre%2Brecettes%2Bminceur%26qid%3D1618529737%26sr%3D8-118-spons%26psc%3D1&qualifier=1618529737&id=8419359329788928&widgetName=sp_mtf
80,Agenda minceur 90 jours - mon suivi alimentaire d√©taill√©: v2-1 Cahier r√©gime | 90 jours pour maigrir | carnet regime √† compl√©ter sur 90 jours | 21cm x ... broch√© | planificateur fond gris anthracite,"['Broch√© 7,99‚Ç¨‚Ç¨']",None,None,https://www.amazon.fr//gp/slredirect/picassoRedirect.html/ref=pa_sp_mtf_aps_sr_pg3_1?ie=UTF8&adId=A0855182SSS683KFQT2I&url=%2FAgenda-minceur-jours-alimentaire-planificateur%2Fdp%2FB08C94RKBT%2Fref%3Dsr_1_119_sspa%3Fdchild%3D1%26keywords%3Dlivre%2Brecettes%2Bminceur%26qid%3D1618529737%26sr%3D8-119-spons%26psc%3D1&qualifier=1618529737&id=8419359329788928&widgetName=sp_mtf
81,La m√©thode 10/10 : ce livre fait perdre 10 kg et vivre 10 ans de plus,"['Format Kindle 9,99‚Ç¨‚Ç¨', 'Broch√© 24,90‚Ç¨‚Ç¨']","3,7",649,https://www.amazon.fr//gp/slredirect/picassoRedirect.html/ref=pa_sp_mtf_aps_sr_pg3_1?ie=UTF8&adId=A03759771BJ25AE9X5VX7&url=%2Fm%25C3%25A9thode-10-livre-perdre-vivre%2Fdp%2FB01LR5C5B8%2Fref%3Dsr_1_120_sspa%3Fdchild%3D1%26keywords%3Dlivre%2Brecettes%2Bminceur%26qid%3D1618529737%26sr%3D8-120-spons%26psc%3D1&qualifier=1618529737&id=8419359329788928&widgetName=sp_mtf
82,Mieux manger toute l'ann√©e - 2020,"['Format Kindle 14,99‚Ç¨‚Ç¨', 'Broch√© 19,90‚Ç¨‚Ç¨']","4,5",1498,https://www.amazon.fr//Mieux-manger-toute-lann%C3%A9e-2020-ebook/dp/B08465P9C9/ref=sr_1_121?dchild=1&keywords=livre+recettes+minceur&qid=1618529737&sr=8-121
83,"La cuisine √† IG bas, c'est bon pour moi !","['Format Kindle 8,99‚Ç¨‚Ç¨', 'Broch√© 12,90‚Ç¨‚Ç¨']","4,6",266,https://www.amazon.fr//cuisine-bas-cest-bon-pour/dp/2035972493/ref=sr_1_122?dchild=1&keywords=livre+recettes+minceur&qid=1618529737&sr=8-122
84,R√©gime IG - Perdez 3 kilos d√®s la premi√®re semaine,"['Broch√© 8,00‚Ç¨‚Ç¨']","3,8",89,https://www.amazon.fr//R%C3%A9gime-IG-Perdez-premi%C3%A8re-semaine/dp/2359344765/ref=sr_1_123?dchild=1&keywords=livre+recettes+minceur&qid=1618529737&sr=8-123
85,R√©gime Keto pour d√©butants: D√©fi de 21 jours pour convertir votre corps en une machine √† br√ªler les graisses pour vivre plus sainement + 75 Recettes C√©tog√®nes Adapt√©es (R√©gime C√©tog√®ne),"['Broch√© 7,99‚Ç¨‚Ç¨', 'Format Kindle 3,99‚Ç¨‚Ç¨']","3,8",60,https://www.amazon.fr//R%C3%A9gime-Keto-pour-d%C3%A9butants-convertir/dp/1713287668/ref=sr_1_124?dchild=1&keywords=livre+recettes+minceur&qid=1618529737&sr=8-124
86,Bowls Fait Maison repas minceur & √©quilibr√©s 80 fiches recettes √† remplir: Livre de cuisine √† compl√©ter‚é™fiches pr√©format√©es ‚é™bouddha bowl bowlcake poke bowl‚é™grande format,"['Broch√© 8,99‚Ç¨‚Ç¨']",None,None,https://www.amazon.fr//Maison-minceur-%C3%A9quilibr%C3%A9s-recettes-remplir/dp/B08NZ5V184/ref=sr_1_125?dchild=1&keywords=livre+recettes+minceur&qid=1618529737&sr=8-125
87,Les recettes healthy de Margot,"['Format Kindle 10,99‚Ç¨‚Ç¨', 'Broch√© 19,90‚Ç¨‚Ç¨']","4,4",98,https://www.amazon.fr//recettes-healthy-Margot-MARGOT-biendansmonslip/dp/B07NMNC86R/ref=sr_1_126?dchild=1&keywords=livre+recettes+minceur&qid=1618529737&sr=8-126
88,En 2H je cuisine light pour toute la semaine,"['Broch√© 19,95‚Ç¨‚Ç¨', 'Format Kindle 14,99‚Ç¨‚Ç¨']","4,3",936,https://www.amazon.fr//cuisine-light-pour-toute-semaine/dp/2017059757/ref=sr_1_127?dchild=1&keywords=livre+recettes+minceur&qid=1618529737&sr=8-127
89,Le nouveau R√©gime IG : Index Glyc√©mique. Maigrir en ma√Ætrisant sa glyc√©mie,"['Broch√© 16,00‚Ç¨‚Ç¨', 'Format Kindle 10,99‚Ç¨‚Ç¨']","4,4",680,https://www.amazon.fr//nouveau-R%C3%A9gime-IG-Glyc%C3%A9mique-ma%C3%AEtrisant/dp/2916878629/ref=sr_1_128?dchild=1&keywords=livre+recettes+minceur&qid=1618529737&sr=8-128
90,Recettes √† l'extracteur de jus: 140 recettes pour faire le plein de vitamines,"['Reli√© 9,95‚Ç¨‚Ç¨']","4,4",708,https://www.amazon.fr//Recettes-lextracteur-jus-recettes-vitamines/dp/2035934184/ref=sr_1_129?dchild=1&keywords=livre+recettes+minceur&qid=1618529737&sr=8-129
91,"Le R√©gime C√©tog√®ne: Perdez du poids efficacement avec le r√©gime c√©tog√®ne - inclus un programme de 14 jours, id√©al aussi bien pour les d√©butants que pour les connaisseurs","['Broch√© 7,95‚Ç¨‚Ç¨', 'Format Kindle 3,95‚Ç¨‚Ç¨']","3,7",393,https://www.amazon.fr//R%C3%A9gime-C%C3%A9tog%C3%A8ne-efficacement-programme-connaisseurs/dp/B087SN2SSW/ref=sr_1_130?dchild=1&keywords=livre+recettes+minceur&qid=1618529737&sr=8-130
92,Cuisine facile et rapide avec la friteuse √† air: 100 Recettes rapides et faciles : Recettes simples et saines pour tous les jours ; Recettes saines et rapides (Livre de recettes friteuse sans huile),"['Format Kindle 3,99‚Ç¨‚Ç¨', 'Broch√© 9,95‚Ç¨‚Ç¨']","4,0",140,https://www.amazon.fr//Cuisine-facile-rapide-avec-friteuse-ebook/dp/B07VLRQLWF/ref=sr_1_131?dchild=1&keywords=livre+recettes+minceur&qid=1618529737&sr=8-131
93,Le meilleur r√©gime du monde: Le meilleur r√©gime du monde : Dietary Approaches to Stop Hypertension,"['Broch√© 18,00‚Ç¨‚Ç¨', 'Format Kindle 12,99‚Ç¨‚Ç¨']","4,0",107,https://www.amazon.fr//DASH-meilleur-Dietary-Approaches-Hypertension/dp/B011QKRTIS/ref=sr_1_132?dchild=1&keywords=livre+recettes+minceur&qid=1618529737&sr=8-132
94,"L'Assiette pal√©o, 101 recettes sp√©cial force et endurance","['Broch√© 16,90‚Ç¨‚Ç¨', 'Format Kindle 11,99‚Ç¨‚Ç¨']","4,3",159,https://www.amazon.fr//LAssiette-pal%C3%A9o-recettes-sp%C3%A9cial-endurance/dp/2365491073/ref=sr_1_133?dchild=1&keywords=livre+recettes+minceur&qid=1618529737&sr=8-133
95,La cuisine gourmande - NE,"['Broch√© 15,50‚Ç¨‚Ç¨']","4,4",32,https://www.amazon.fr//cuisine-gourmande-NE-Michel-GU%C3%89RARD/dp/2221114108/ref=sr_1_134?dchild=1&keywords=livre+recettes+minceur&qid=1618529737&sr=8-134
96,Recettes l√©g√®res et gourmandes avec Steam up,"['Broch√© 9,95‚Ç¨‚Ç¨']","4,5",49,https://www.amazon.fr//Recettes-l%C3%A9g%C3%A8res-gourmandes-avec-Steam/dp/2035970210/ref=sr_1_135?dchild=1&keywords=livre+recettes+minceur&qid=1618529737&sr=8-135
97,"Mon cahier bowl cake: R√©pertoire de vos recettes + 100 fiches illustr√©es et faciles √† remplir pour la pr√©paration de vos Bow Cakes  - gourmandise healthy - taille A4 = 21 x 29,7 cm","['Broch√© 7,85‚Ç¨‚Ç¨']","5,0",1,https://www.amazon.fr//Mon-cahier-bowl-cake-pr%C3%A9paration/dp/B0863QDBNY/ref=sr_1_136?dchild=1&keywords=livre+recettes+minceur&qid=1618529737&sr=8-136
98,Bouddha Bowls Plaisir: Livre de recette √† remplir‚é™80 fiches pr√©format√©es ‚é™Bowlcake Poke Bowl et toutes vos recettes Bowl‚é™Grande format,"['Broch√© 7,99‚Ç¨‚Ç¨']","3,0",2,https://www.amazon.fr//Bouddha-Bowls-Plaisir-pr%C3%A9format%C3%A9es-Bowl%E2%8E%AAGrande/dp/B08NV41D79/ref=sr_1_137?dchild=1&keywords=livre+recettes+minceur&qid=1618529737&sr=8-137
99,100 recettes et menus: RECETTES INEDITES A INDEX GLYCEMIQUE BAS,"['Broch√© 20,50‚Ç¨‚Ç¨']","4,3",71,https://www.amazon.fr//100-Recettes-menus-Michel-Montignac/dp/208120181X/ref=sr_1_138?dchild=1&keywords=livre+recettes+minceur&qid=1618529737&sr=8-138
100,Ma cuisine IG bas - super facile,"['Broch√© 6,95‚Ç¨‚Ç¨']","4,2",62,https://www.amazon.fr//Ma-cuisine-IG-bas-facile/dp/2263169490/ref=sr_1_139?dchild=1&keywords=livre+recettes+minceur&qid=1618529737&sr=8-139
101,M√©thode Montignac 50 desserts l√©gers pour maigrir !,"['Broch√© 14,90‚Ç¨‚Ç¨']","3,6",7,https://www.amazon.fr//M%C3%A9thode-Montignac-desserts-l%C3%A9gers-maigrir/dp/2359344773/ref=sr_1_140?dchild=1&keywords=livre+recettes+minceur&qid=1618529737&sr=8-140
102,R√©gime C√©tog√®ne: Perdre jusqu‚Äô√† 10kg en quelques jours,"['Broch√© 7,87‚Ç¨‚Ç¨', 'Format Kindle 2,99‚Ç¨‚Ç¨']","3,2",109,https://www.amazon.fr//R%C3%A9gime-C%C3%A9tog%C3%A8ne-Perdre-jusqu%C3%A0-quelques/dp/1975650492/ref=sr_1_141?dchild=1&keywords=livre+recettes+minceur&qid=1618529737&sr=8-141
103,Un bowl et c'est tout !,"['Format Kindle 5,99‚Ç¨‚Ç¨', 'Reli√©  7,99‚Ç¨‚Ç¨']","4,4",58,https://www.amazon.fr//bowl-cest-tout-M%C3%A9lanie-Martin/dp/2017059595/ref=sr_1_142?dchild=1&keywords=livre+recettes+minceur&qid=1618529737&sr=8-142
104,Ma boulangerie maison avec Companion,"['Format Kindle 7,99‚Ç¨‚Ç¨', 'Broch√© 9,95‚Ç¨‚Ç¨']","4,6",503,https://www.amazon.fr//Ma-boulangerie-maison-avec-Companion/dp/2035970350/ref=sr_1_143?dchild=1&keywords=livre+recettes+minceur&qid=1618529737&sr=8-143
105,Mes Recettes Minceur: Carnet Pr√©-rempli pour enregistrer vos 50 recettes de r√©gime pr√©f√©r√©,"['Broch√© 5,90‚Ç¨‚Ç¨']",None,None,https://www.amazon.fr//Mes-Recettes-Minceur-Pr%C3%A9-rempli-enregistrer/dp/B08X5ZFKCM/ref=sr_1_144?dchild=1&keywords=livre+recettes+minceur&qid=1618529737&sr=8-144
106,"Mes 100 recettes Minceur - A compl√©ter, cuisiner et savourer: Carnet, livre et cahier de cuisine √† √©crire, remplir & compl√©ter soi-m√™me I No√´l I Id√©e ... toi en main avec tes recettes personnalis√©es","['Broch√© 10,72‚Ç¨‚Ç¨']",None,None,https://www.amazon.fr//Mes-100-recettes-Minceur-personnalis%C3%A9es/dp/B08F6Y3T5Z/ref=sr_1_145?dchild=1&keywords=livre+recettes+minceur&qid=1618529737&sr=8-145
107,Le Gros livre de la minceur,"['Reli√© 29,90‚Ç¨‚Ç¨']","4,6",6,https://www.amazon.fr//Gros-livre-minceur-Xavier-Jacbos/dp/2875574019/ref=sr_1_146?dchild=1&keywords=livre+recettes+minceur&qid=1618529737&sr=8-146
108,Mon cahier minceur printemps-√©t√©,"['Broch√© 7,90‚Ç¨‚Ç¨']","4,4",35,https://www.amazon.fr//cahier-minceur-printemps-%C3%A9t%C3%A9-H%C3%A9l%C3%A8ne-DEFRETIN/dp/226317043X/ref=sr_1_147?dchild=1&keywords=livre+recettes+minceur&qid=1618529737&sr=8-147
109,Friteuse √† air: 130 Recettes faciles et rapides,"['Broch√© 9,99‚Ç¨‚Ç¨']","3,6",46,https://www.amazon.fr//Friteuse-air-Recettes-faciles-rapides/dp/B086PLBT6B/ref=sr_1_148?dchild=1&keywords=livre+recettes+minceur&qid=1618529737&sr=8-148
110,"Le R√©gime C√©tog√®ne: Perdez du poids efficacement avec le r√©gime c√©tog√®ne - inclus un programme de 14 jours, id√©al aussi bien pour les d√©butants que pour les connaisseurs","['Broch√© 7,95‚Ç¨‚Ç¨', 'Format Kindle 3,95‚Ç¨‚Ç¨']","3,7",393,https://www.amazon.fr//gp/slredirect/picassoRedirect.html/ref=pa_sp_btf_aps_sr_pg3_1?ie=UTF8&adId=A09823072S7BINM3N0QL3&url=%2FR%25C3%25A9gime-C%25C3%25A9tog%25C3%25A8ne-efficacement-programme-connaisseurs%2Fdp%2FB087SN2SSW%2Fref%3Dsr_1_149_sspa%3Fdchild%3D1%26keywords%3Dlivre%2Brecettes%2Bminceur%26qid%3D1618529737%26sr%3D8-149-spons%26psc%3D1&qualifier=1618529737&id=8419359329788928&widgetName=sp_btf
111,"LE R√âGIME ANTI-INFLAMMATOIRE: Programme de 10 semaines et plus de 200 recettes de gu√©rison pour lutter contre l'inflammation et renforcer votre syst√®me immunitaire, du petit-d√©jeuner au d√Æner","['Format Kindle 7,97‚Ç¨‚Ç¨', 'Broch√© 15,81‚Ç¨‚Ç¨']","3,6",15,https://www.amazon.fr//gp/slredirect/picassoRedirect.html/ref=pa_sp_btf_aps_sr_pg3_1?ie=UTF8&adId=A08841553ELT6Y3AH4S2D&url=%2FR%25C3%2589GIME-ANTI-INFLAMMATOIRE-linflammation-immunitaire-petit-d%25C3%25A9jeuner%2Fdp%2FB08W7SQGCG%2Fref%3Dsr_1_150_sspa%3Fdchild%3D1%26keywords%3Dlivre%2Brecettes%2Bminceur%26qid%3D1618529737%26sr%3D8-150-spons%26psc%3D1&qualifier=1618529737&id=8419359329788928&widgetName=sp_btf
112,Mincir sainement avec le r√©gime Okinawa: Les secrets pour vivre en forme jusqu‚Äô√† 100 ans et plus - Inclus 21 recettes minceur,"['Broch√© 8,99‚Ç¨‚Ç¨', 'Format Kindle 4,99‚Ç¨‚Ç¨']","3,9",104,https://www.amazon.fr//gp/slredirect/picassoRedirect.html/ref=pa_sp_btf_aps_sr_pg3_1?ie=UTF8&adId=A040933810YLKLVJPA4UE&url=%2FMincir-sainement-avec-r%25C3%25A9gime-Okinawa-ebook%2Fdp%2FB01B4MIVXU%2Fref%3Dsr_1_151_sspa%3Fdchild%3D1%26keywords%3Dlivre%2Brecettes%2Bminceur%26qid%3D1618529737%26sr%3D8-151-spons%26psc%3D1&qualifier=1618529737&id=8419359329788928&widgetName=sp_btf
113,"L‚ÄôAlimentation Sant√©: Les super-aliments qui soignent - di√©t√©tique, r√©gimes sant√©, di√©toth√©rapie, pr√©vention et bien-√™tre avec les alicaments","['Format Kindle 2,99‚Ç¨‚Ç¨']","4,2",7,https://www.amazon.fr//gp/slredirect/picassoRedirect.html/ref=pa_sp_btf_aps_sr_pg3_1?ie=UTF8&adId=A008036324IX3BT8E5O6D&url=%2FVotre-sant%25C3%25A9-est-dans-lassiette-ebook%2Fdp%2FB01E94HAXW%2Fref%3Dsr_1_153_sspa%3Fdchild%3D1%26keywords%3Dlivre%2Brecettes%2Bminceur%26qid%3D1618529737%26sr%3D8-153-spons%26psc%3D1&qualifier=1618529737&id=8419359329788928&widgetName=sp_btf
114,La P√¢tisserie: Place √† la gourmandise !,"['Format Kindle 4,99‚Ç¨‚Ç¨']","4,1",6,https://www.amazon.fr//gp/slredirect/picassoRedirect.html/ref=pa_sp_btf_aps_sr_pg3_1?ie=UTF8&adId=A02801011MMG1QATQ3CTM&url=%2FP%25C3%25A2tisserie-Place-%25C3%25A0-gourmandise-ebook%2Fdp%2FB08P3HRWRV%2Fref%3Dsr_1_154_sspa%3Fdchild%3D1%26keywords%3Dlivre%2Brecettes%2Bminceur%26qid%3D1618529737%26sr%3D8-154-spons%26psc%3D1&qualifier=1618529737&id=8419359329788928&widgetName=sp_btf
115,Carnet suivi perte de poids | Fitness Edition - 365 jours suivi simple et efficace : Suivre chaque jour l‚Äô√©volution de vos objectifs minceur ou sant√©,"['Broch√© 6,93‚Ç¨‚Ç¨']","3,9",3,https://www.amazon.fr//gp/slredirect/picassoRedirect.html/ref=pa_sp_btf_aps_sr_pg3_1?ie=UTF8&adId=A034455636K5FBE5RY1MC&url=%2FCarnet-suivi-perte-poids-Fitness%2Fdp%2FB08HGNS644%2Fref%3Dsr_1_155_sspa%3Fdchild%3D1%26keywords%3Dlivre%2Brecettes%2Bminceur%26qid%3D1618529737%26sr%3D8-155-spons%26psc%3D1&qualifier=1618529737&id=8419359329788928&widgetName=sp_btf
116,"Mes recettes: Livre de vos Recettes, couverture Cuisine Cor√©enne, √† Remplir et Personnaliser. 120 Recettes √† Archiver. Cadeau √† offrir. Fabriqu√© en France. Grand Format 21,59 x 27,97 cm.","['Broch√© 6,99‚Ç¨‚Ç¨']",None,None,https://www.amazon.fr//Mes-recettes-couverture-Personnaliser-Archiver/dp/B084Z4K1H2/ref=sr_1_145?dchild=1&keywords=livre+recettes+minceur&qid=1618529738&sr=8-145
117,La cuisine gourmande - NE,"['Broch√© 15,50‚Ç¨‚Ç¨']","4,4",32,https://www.amazon.fr//cuisine-gourmande-NE-Michel-GU%C3%89RARD/dp/2221114108/ref=sr_1_146?dchild=1&keywords=livre+recettes+minceur&qid=1618529738&sr=8-146
118,Recettes minceur aux prot√©ines,"['Format Kindle 3,99‚Ç¨‚Ç¨', 'Reli√© 7,99‚Ç¨‚Ç¨']","4,2",13,https://www.amazon.fr//Recettes-minceur-prot%C3%A9ines-Corinne-Jausserand/dp/2035859360/ref=sr_1_147?dchild=1&keywords=livre+recettes+minceur&qid=1618529738&sr=8-147
119,Simplissime : Le livre de cuisine le + facile du monde,"['Reli√© 19,95‚Ç¨‚Ç¨', 'Format Kindle 14,99‚Ç¨‚Ç¨']","4,4",1737,https://www.amazon.fr//Simplissime-livre-cuisine-facile-monde-ebook/dp/B075F72VDY/ref=sr_1_148?dchild=1&keywords=livre+recettes+minceur&qid=1618529738&sr=8-148
120,100 recettes et menus: RECETTES INEDITES A INDEX GLYCEMIQUE BAS,"['Broch√© 20,50‚Ç¨‚Ç¨']","4,3",71,https://www.amazon.fr//100-Recettes-menus-Michel-Montignac/dp/208120181X/ref=sr_1_149?dchild=1&keywords=livre+recettes+minceur&qid=1618529738&sr=8-149
121,Petits plats du soir avec thermomix,"['Reli√© 29,95‚Ç¨‚Ç¨', 'Format Kindle 28,99‚Ç¨‚Ç¨']","4,6",209,https://www.amazon.fr//Petits-plats-soir-avec-thermomix/dp/2035954843/ref=sr_1_150?dchild=1&keywords=livre+recettes+minceur&qid=1618529738&sr=8-150
122,Mes recettes: livre de recettes √† remplir - carnet de cuisine de 100 recettes - format A5 - 105 pages,"['Broch√© 6,69‚Ç¨‚Ç¨']",None,None,https://www.amazon.fr//Mes-recettes-remplir-carnet-cuisine/dp/B08N3M26G5/ref=sr_1_151?dchild=1&keywords=livre+recettes+minceur&qid=1618529738&sr=8-151
123,"MES 100 RECETTES de CUISINE MINDEUR A compl√©ter, cuisiner et savoure: Livre de recettes √† √©crire soi-m√™me I Carnet du Fait MaisonI DIY I C√©tog√®ne I ... II Batch Cooking I Vegan I V√©g√©tarien","['Broch√© 9,38‚Ç¨‚Ç¨']",None,None,https://www.amazon.fr//RECETTES-CUISINE-MINDEUR-compl%C3%A9ter-cuisiner/dp/B08BDZ2HFB/ref=sr_1_152?dchild=1&keywords=livre+recettes+minceur&qid=1618529738&sr=8-152
124,Le Gros livre de la minceur,"['Reli√© 29,90‚Ç¨‚Ç¨']","4,6",6,https://www.amazon.fr//Gros-livre-minceur-Xavier-Jacbos/dp/2875574019/ref=sr_1_153?dchild=1&keywords=livre+recettes+minceur&qid=1618529738&sr=8-153
125,Mes Recettes Minceur: Carnet Pr√©-rempli pour enregistrer vos 50 recettes de r√©gime pr√©f√©r√©,"['Broch√© 5,90‚Ç¨‚Ç¨']",None,None,https://www.amazon.fr//Mes-Recettes-Minceur-Pr%C3%A9-rempli-enregistrer/dp/B08X5ZFKCM/ref=sr_1_154?dchild=1&keywords=livre+recettes+minceur&qid=1618529738&sr=8-154
126,"Les recette de mamie: Livre de recettes √† compl√©ter: Carnet pour 102 recettes | Format A4, 209 pages | 2 pages par recette. Ce Livre de Cuisine Vierge ... √âcrire et Transmettre vos Astuces de Famille.","['Broch√© 6,99‚Ç¨‚Ç¨']",None,None,https://www.amazon.fr//recette-mamie-recettes-compl%C3%A9ter-Transmettre/dp/B08YQR699Z/ref=sr_1_155?dchild=1&keywords=livre+recettes+minceur&qid=1618529738&sr=8-155
127,"Affirmations, guidances positives et pri√®res: Augmentez votre fr√©quence de vibration pour utiliser la Loi de l‚Äôattraction (La Loi de l'attraction)","['Format Kindle 3,00‚Ç¨‚Ç¨', 'Broch√© 6,99‚Ç¨‚Ç¨']","4,5",487,https://www.amazon.fr//Affirmations-guidances-positives-pri%C3%A8res-lattraction-ebook/dp/B08F4FVT78/ref=sr_1_156?dchild=1&keywords=livre+recettes+minceur&qid=1618529738&sr=8-156
128,Mon R√©gime Pal√©o: 4 semaines de recettes pour d√©couvrir le r√©gime Pal√©o,"['Format Kindle 5,33‚Ç¨‚Ç¨', 'Broch√© 14,66‚Ç¨‚Ç¨']","4,1",22,https://www.amazon.fr//Mon-R%C3%A9gime-Pal%C3%A9o-semaines-d%C3%A9couvrir/dp/1537643452/ref=sr_1_157?dchild=1&keywords=livre+recettes+minceur&qid=1618529738&sr=8-157
129,Healthy vegan (HEALTHY),"['Reli√© 29,95‚Ç¨‚Ç¨']","4,5",131,https://www.amazon.fr//Healthy-vegan-Marie-Laforet/dp/2842214684/ref=sr_1_158?dchild=1&keywords=livre+recettes+minceur&qid=1618529738&sr=8-158
130,LE REGIME IG BAS,"['Reli√© 19,95‚Ç¨‚Ç¨', 'Format Kindle 14,99‚Ç¨‚Ç¨']","4,5",113,https://www.amazon.fr//REGIME-BAS-Marie-Laure-Andr%C3%A9/dp/2017084484/ref=sr_1_159?dchild=1&keywords=livre+recettes+minceur&qid=1618529738&sr=8-159
131,IG BAS: Nouvelle √©dition,"['Reli√© 9,95‚Ç¨‚Ç¨', 'Format Kindle 7,99‚Ç¨‚Ç¨', 'Broch√©  9,86‚Ç¨‚Ç¨']","4,5",409,https://www.amazon.fr//IG-BAS-Nouvelle-Marie-Laure-Andr%C3%A9/dp/2017089419/ref=sr_1_160?dchild=1&keywords=livre+recettes+minceur&qid=1618529738&sr=8-160
132,Calendrier 365 recettes au robot cuiseur - L'Ann√©e √† Bloc,"['Broch√© 11,90‚Ç¨‚Ç¨']","4,1",151,https://www.amazon.fr//Calendrier-365-recettes-robot-cuiseur/dp/2809663793/ref=sr_1_161?dchild=1&keywords=livre+recettes+minceur&qid=1618529738&sr=8-161
133,Recettes faciles pour tous les jours avec companion (Les petits Moulinex/Seb),"['Format Kindle 7,99‚Ç¨‚Ç¨', 'Broch√© 9,95‚Ç¨‚Ç¨']","4,5",627,https://www.amazon.fr//Recettes-faciles-companion-petits-Moulinex-ebook/dp/B07KT5DCJ2/ref=sr_1_162?dchild=1&keywords=livre+recettes+minceur&qid=1618529738&sr=8-162
134,"Mes Recettes de Jus de L√©gumes Minceur: Livre recette extracteur de jus a remplir pour detox, jeune, cuisiner simple ou pour le plaisir du gout. ... pour maigrir ou manger l√©ger | 100 recettes","['Broch√© 6,99‚Ç¨‚Ç¨']",None,None,https://www.amazon.fr//Mes-Recettes-Jus-L%C3%A9gumes-Minceur/dp/B08KQXVFKM/ref=sr_1_163?dchild=1&keywords=livre+recettes+minceur&qid=1618529738&sr=8-163
135,"Jus de L√©gumes Recettes: Livre recette extracteur de jus a remplir pour detox, jeune, cuisiner simple ou pour le plaisir du gout. Carnet de jus de ... pour maigrir ou manger l√©ger | 100 recettes","['Broch√© 6,99‚Ç¨‚Ç¨']",None,None,https://www.amazon.fr//Jus-L%C3%A9gumes-Recettes-extracteur-cuisiner/dp/B08KQRF3S1/ref=sr_1_164?dchild=1&keywords=livre+recettes+minceur&qid=1618529738&sr=8-164
136,R√©gime C√©tog√®ne: Perdre jusqu‚Äô√† 10kg en quelques jours,"['Broch√© 7,87‚Ç¨‚Ç¨', 'Format Kindle 2,99‚Ç¨‚Ç¨']","3,2",109,https://www.amazon.fr//gp/slredirect/picassoRedirect.html/ref=pa_sp_mtf_aps_sr_pg4_1?ie=UTF8&adId=A026254834VHE5WAX6WDJ&url=%2FR%25C3%25A9gime-C%25C3%25A9tog%25C3%25A8ne-Perdre-jusqu%25C3%25A0-quelques%2Fdp%2F1975650492%2Fref%3Dsr_1_165_sspa%3Fdchild%3D1%26keywords%3Dlivre%2Brecettes%2Bminceur%26qid%3D1618529738%26sr%3D8-165-spons%26psc%3D1&qualifier=1618529738&id=2692602657419163&widgetName=sp_mtf
137,Mon Agenda minceur: objectif 90 jours journal motivant de suivi de regime 100 pages format pratique A5,"['Broch√© 6,99‚Ç¨‚Ç¨']","3,0",1,https://www.amazon.fr//gp/slredirect/picassoRedirect.html/ref=pa_sp_mtf_aps_sr_pg4_1?ie=UTF8&adId=A08406002KUTCSW2IWF9H&url=%2FMon-Agenda-minceur-objectif-motivant%2Fdp%2FB08NTST58K%2Fref%3Dsr_1_166_sspa%3Fdchild%3D1%26keywords%3Dlivre%2Brecettes%2Bminceur%26qid%3D1618529738%26sr%3D8-166-spons%26psc%3D1&qualifier=1618529738&id=2692602657419163&widgetName=sp_mtf
138,"LE R√âGIME ANTI-INFLAMMATOIRE: Programme de 10 semaines et plus de 200 recettes de gu√©rison pour lutter contre l'inflammation et renforcer votre syst√®me immunitaire, du petit-d√©jeuner au d√Æner","['Format Kindle 7,97‚Ç¨‚Ç¨', 'Broch√© 15,81‚Ç¨‚Ç¨']","3,6",15,https://www.amazon.fr//gp/slredirect/picassoRedirect.html/ref=pa_sp_mtf_aps_sr_pg4_1?ie=UTF8&adId=A08841553ELT6Y3AH4S2D&url=%2FR%25C3%2589GIME-ANTI-INFLAMMATOIRE-linflammation-immunitaire-petit-d%25C3%25A9jeuner%2Fdp%2FB08W7SQGCG%2Fref%3Dsr_1_167_sspa%3Fdchild%3D1%26keywords%3Dlivre%2Brecettes%2Bminceur%26qid%3D1618529738%26sr%3D8-167-spons%26psc%3D1&qualifier=1618529738&id=2692602657419163&widgetName=sp_mtf
139,La m√©thode 10/10 : ce livre fait perdre 10 kg et vivre 10 ans de plus,"['Format Kindle 9,99‚Ç¨‚Ç¨', 'Broch√© 24,90‚Ç¨‚Ç¨']","3,7",649,https://www.amazon.fr//gp/slredirect/picassoRedirect.html/ref=pa_sp_mtf_aps_sr_pg4_1?ie=UTF8&adId=A03759771BJ25AE9X5VX7&url=%2Fm%25C3%25A9thode-10-livre-perdre-vivre%2Fdp%2FB01LR5C5B8%2Fref%3Dsr_1_168_sspa%3Fdchild%3D1%26keywords%3Dlivre%2Brecettes%2Bminceur%26qid%3D1618529738%26sr%3D8-168-spons%26psc%3D1&qualifier=1618529738&id=2692602657419163&widgetName=sp_mtf
140,H√©l√®ne S√©gara : mes recettes 100 % plaisir et bien-√™tre,"['Reli√© 15,90‚Ç¨‚Ç¨']","3,9",89,https://www.amazon.fr//H%C3%A9l%C3%A8ne-S%C3%A9gara-recettes-plaisir-bien-%C3%AAtre/dp/250113625X/ref=sr_1_169?dchild=1&keywords=livre+recettes+minceur&qid=1618529738&sr=8-169
141,Recettes inratables au robot-cuiseur !,"['Reli√© 15,95‚Ç¨‚Ç¨', 'Format Kindle 10,99‚Ç¨‚Ç¨']","4,6",972,https://www.amazon.fr//Recettes-inratables-robot-cuiseur-%C3%89lise-Delprat-Alvar%C3%A8s/dp/2035934214/ref=sr_1_170?dchild=1&keywords=livre+recettes+minceur&qid=1618529738&sr=8-170
142,"Le R√©gime C√©tog√®ne: Perdez du poids efficacement avec le r√©gime c√©tog√®ne - inclus un programme de 14 jours, id√©al aussi bien pour les d√©butants que pour les connaisseurs","['Broch√© 7,95‚Ç¨‚Ç¨', 'Format Kindle 3,95‚Ç¨‚Ç¨']","3,7",393,https://www.amazon.fr//R%C3%A9gime-C%C3%A9tog%C3%A8ne-efficacement-programme-connaisseurs/dp/B087SN2SSW/ref=sr_1_171?dchild=1&keywords=livre+recettes+minceur&qid=1618529738&sr=8-171
143,"365 recettes au Thermomix - Des plus simples aux plus cr√©atives, pour les soirs de semaine ou pour l","['Reli√© 27,00‚Ç¨‚Ç¨']","4,4",261,https://www.amazon.fr//365-recettes-Thermomix-cr%C3%A9atives-week-end/dp/2263158618/ref=sr_1_172?dchild=1&keywords=livre+recettes+minceur&qid=1618529738&sr=8-172
144,Mes petites recettes magiques aux prot√©ines v√©g√©tales,"['Broch√© 6,00‚Ç¨‚Ç¨', 'Poche 6,00‚Ç¨‚Ç¨', 'Format Kindle 4,99‚Ç¨‚Ç¨']","4,1",57,https://www.amazon.fr//Petites-Recettes-aux-Proteines-Vegetales/dp/B079F9D91T/ref=sr_1_173?dchild=1&keywords=livre+recettes+minceur&qid=1618529738&sr=8-173
145,Recettes minceur,"['Reli√© 11,05‚Ç¨‚Ç¨']","4,1",2,https://www.amazon.fr//Recettes-minceur-Collectif/dp/2035851785/ref=sr_1_174?dchild=1&keywords=livre+recettes+minceur&qid=1618529738&sr=8-174
146,Recettes All√©g√©es au Thermomix,"['Broch√© 9,89‚Ç¨‚Ç¨', 'Format Kindle 4,90‚Ç¨‚Ç¨']",None,None,https://www.amazon.fr//Recettes-All%C3%A9g%C3%A9es-au-Thermomix-Fealty/dp/B0914PW38G/ref=sr_1_175?dchild=1&keywords=livre+recettes+minceur&qid=1618529738&sr=8-175
147,Mes petites recettes magiques - Yaourts et laits ferment√©s,"['Broch√© 6,00‚Ç¨‚Ç¨']","4,2",345,https://www.amazon.fr//petites-recettes-magiques-yaourts-ferment%C3%A9s/dp/B06XXW9CCN/ref=sr_1_176?dchild=1&keywords=livre+recettes+minceur&qid=1618529738&sr=8-176
148,Mes petites recettes magiques sans gluten et sans lactose,"['Broch√© 6,00‚Ç¨‚Ç¨', 'Poche 11,14‚Ç¨‚Ç¨']","4,2",381,https://www.amazon.fr//petites-recettes-magiques-gluten-lactose/dp/B0789TBXGT/ref=sr_1_177?dchild=1&keywords=livre+recettes+minceur&qid=1618529738&sr=8-177
149,"Le grand livre de l'alimentation anti-inflammatoire: Arthrose, Alzheimer, cancer, asthme, ob√©sit√©... Les meilleurs ingr√©dients et recettes pour pr√©venir l'inflammation chronique","['Broch√© 18,00‚Ç¨‚Ç¨', 'Format Kindle 10,99‚Ç¨‚Ç¨']","4,5",111,https://www.amazon.fr//grand-livre-lalimentation-anti-inflammatoire-linflammation-ebook/dp/B07JQ2KY4J/ref=sr_1_178?dchild=1&keywords=livre+recettes+minceur&qid=1618529738&sr=8-178
150,M√©thode Montignac 50 desserts l√©gers pour maigrir !,"['Broch√© 14,90‚Ç¨‚Ç¨']","3,6",7,https://www.amazon.fr//M%C3%A9thode-Montignac-desserts-l%C3%A9gers-maigrir/dp/2359344773/ref=sr_1_179?dchild=1&keywords=livre+recettes+minceur&qid=1618529738&sr=8-179
151,"L'assiette du sportif: Recettes √©quilibr√©es avant/pendant et apr√®s l'effort, Conseils nutritionnels pour √™tre au top, Id√©a","['Broch√© 19,95‚Ç¨‚Ç¨', 'Format Kindle 14,99‚Ç¨‚Ç¨']","4,5",253,https://www.amazon.fr//Lassiette-sportif-Recettes-%C3%A9quilibr%C3%A9es-nutritionnels/dp/2011356245/ref=sr_1_180?dchild=1&keywords=livre+recettes+minceur&qid=1618529738&sr=8-180
152,Boissons D√©tox,"['Broch√© 5,95‚Ç¨‚Ç¨', 'Format Kindle 4,49‚Ç¨‚Ç¨']","3,8",7,https://www.amazon.fr//Boissons-D%C3%A9tox-Collectif/dp/2017084379/ref=sr_1_181?dchild=1&keywords=livre+recettes+minceur&qid=1618529738&sr=8-181
153,PLANCHA MINCEUR,"['Broch√© 7,50‚Ç¨‚Ç¨']","3,8",3,https://www.amazon.fr//PLANCHA-MINCEUR-LILIANE-OTAL/dp/2817704185/ref=sr_1_182?dchild=1&keywords=livre+recettes+minceur&qid=1618529738&sr=8-182
154,Petit livre - Recettes minceur,"['Broch√© 2,99‚Ç¨‚Ç¨']",None,None,https://www.amazon.fr//Petit-livre-Recettes-Catherine-POGGI/dp/2412034303/ref=sr_1_183?dchild=1&keywords=livre+recettes+minceur&qid=1618529738&sr=8-183
155,L'assiette de b√©b√©: Conseils pratiques et recettes d'une Naturopathe,"['Broch√© 19,95‚Ç¨‚Ç¨', 'Format Kindle 14,99‚Ç¨‚Ç¨']","4,3",38,https://www.amazon.fr//Lassiette-b%C3%A9b%C3%A9-Conseils-pratiques-Naturopathe/dp/2016258098/ref=sr_1_184?dchild=1&keywords=livre+recettes+minceur&qid=1618529738&sr=8-184
156,"100 bowls minceur: Recettes √† moins de 300, 400 ou 600 calories pour construire votre propre programme minceur","['Broch√© 16,21‚Ç¨‚Ç¨']","4,4",19,https://www.amazon.fr//100-bowls-minceur-construire-programme/dp/2501122046/ref=sr_1_185?dchild=1&keywords=livre+recettes+minceur&qid=1618529738&sr=8-185
157,Cuisiner sans lait !,"['Poche 22,00‚Ç¨‚Ç¨']","4,1",36,https://www.amazon.fr//Cuisiner-sans-lait-Marie-Chioca/dp/2360981846/ref=sr_1_186?dchild=1&keywords=livre+recettes+minceur&qid=1618529738&sr=8-186
158,Cuisine italienne et sans gluten !,"['Broch√© 14,00‚Ç¨‚Ç¨']","4,5",34,https://www.amazon.fr//Cuisine-italienne-sans-gluten-recettes/dp/2360983520/ref=sr_1_187?dchild=1&keywords=livre+recettes+minceur&qid=1618529738&sr=8-187
159,La M√©thode h√©pato-d√©tox: Mincir durablement et sans danger gr√¢ce au foie,"['Format Kindle 13,99‚Ç¨‚Ç¨', 'Broch√© 19,90‚Ç¨‚Ç¨']","4,3",359,https://www.amazon.fr//M%C3%A9thode-h%C3%A9pato-d%C3%A9tox-Mincir-durablement-danger-ebook/dp/B07XLD4NL3/ref=sr_1_188?dchild=1&keywords=livre+recettes+minceur&qid=1618529738&sr=8-188
160,Ma petite saladerie √† la maison,"['Broch√© 12,00‚Ç¨‚Ç¨']","4,4",55,https://www.amazon.fr//Ma-petite-saladerie-%C3%A0-maison/dp/2360983946/ref=sr_1_189?dchild=1&keywords=livre+recettes+minceur&qid=1618529738&sr=8-189
161,"LE R√âGIME ANTI-INFLAMMATOIRE: Programme de 10 semaines et plus de 200 recettes de gu√©rison pour lutter contre l'inflammation et renforcer votre syst√®me immunitaire, du petit-d√©jeuner au d√Æner","['Format Kindle 7,97‚Ç¨‚Ç¨', 'Broch√© 15,81‚Ç¨‚Ç¨']","3,6",15,https://www.amazon.fr//R%C3%89GIME-ANTI-INFLAMMATOIRE-linflammation-immunitaire-petit-d%C3%A9jeuner/dp/B08W7SQGCG/ref=sr_1_190?dchild=1&keywords=livre+recettes+minceur&qid=1618529738&sr=8-190
162,Smoothies et cie avec l'Ultrablend cook,"['Format Kindle 7,99‚Ç¨‚Ç¨', 'Broch√© 9,95‚Ç¨‚Ç¨']","4,5",68,https://www.amazon.fr//Smoothies-cie-avec-lUltrablend-cook/dp/2035955823/ref=sr_1_191?dchild=1&keywords=livre+recettes+minceur&qid=1618529738&sr=8-191
163,Mes recettes powerbiotiques - Pr√©servez votre microbiote - Stimulez les superpouvois,"['Broch√© 22,90‚Ç¨‚Ç¨', 'Format Kindle 15,99‚Ç¨‚Ç¨']","4,6",7,https://www.amazon.fr//Mes-recettes-powerbiotiques-Marion-Kaplan/dp/2813223581/ref=sr_1_192?dchild=1&keywords=livre+recettes+minceur&qid=1618529738&sr=8-192
164,I love ma cuisine au Thermomix,"['Broch√© 19,90‚Ç¨‚Ç¨']","4,3",34,https://www.amazon.fr//love-cuisine-Thermomix-COLLECTIF/dp/226315552X/ref=sr_1_194?dchild=1&keywords=livre+recettes+minceur&qid=1618529738&sr=8-194
165,R√©gime C√©tog√®ne: Challenge 14 jours,"['Format Kindle 2,99‚Ç¨‚Ç¨', 'Broch√© 6,99‚Ç¨‚Ç¨']","3,8",123,https://www.amazon.fr//R%C3%A9gime-C%C3%A9tog%C3%A8ne-Challenge-14-jours/dp/1975651332/ref=sr_1_195?dchild=1&keywords=livre+recettes+minceur&qid=1618529738&sr=8-195
166,"Miam-√¥-5, Miam-√¥-fruit: 80 recettes dynamisantes, faciles et pas ch√®res","['Format Kindle 11,99‚Ç¨‚Ç¨', 'Broch√© 15,90‚Ç¨‚Ç¨']",None,None,https://www.amazon.fr//Miam-%C3%B4-5-Miam-%C3%B4-fruit-recettes-dynamisantes-faciles/dp/2268105253/ref=sr_1_196?dchild=1&keywords=livre+recettes+minceur&qid=1618529738&sr=8-196
167,Agenda minceur 90 jours - mon suivi alimentaire d√©taill√©: v2-1 Cahier r√©gime | 90 jours pour maigrir | carnet regime √† compl√©ter sur 90 jours | 21cm x ... broch√© | planificateur fond gris anthracite,"['Broch√© 7,99‚Ç¨‚Ç¨']",None,None,https://www.amazon.fr//gp/slredirect/picassoRedirect.html/ref=pa_sp_btf_aps_sr_pg4_1?ie=UTF8&adId=A0855182SSS683KFQT2I&url=%2FAgenda-minceur-jours-alimentaire-planificateur%2Fdp%2FB08C94RKBT%2Fref%3Dsr_1_197_sspa%3Fdchild%3D1%26keywords%3Dlivre%2Brecettes%2Bminceur%26qid%3D1618529738%26sr%3D8-197-spons%26psc%3D1&qualifier=1618529738&id=2692602657419163&widgetName=sp_btf
168,"Le R√©gime C√©tog√®ne: Perdez du poids efficacement avec le r√©gime c√©tog√®ne - inclus un programme de 14 jours, id√©al aussi bien pour les d√©butants que pour les connaisseurs","['Broch√© 7,95‚Ç¨‚Ç¨', 'Format Kindle 3,95‚Ç¨‚Ç¨']","3,7",393,https://www.amazon.fr//gp/slredirect/picassoRedirect.html/ref=pa_sp_btf_aps_sr_pg4_1?ie=UTF8&adId=A09823072S7BINM3N0QL3&url=%2FR%25C3%25A9gime-C%25C3%25A9tog%25C3%25A8ne-efficacement-programme-connaisseurs%2Fdp%2FB087SN2SSW%2Fref%3Dsr_1_198_sspa%3Fdchild%3D1%26keywords%3Dlivre%2Brecettes%2Bminceur%26qid%3D1618529738%26sr%3D8-198-spons%26psc%3D1&qualifier=1618529738&id=2692602657419163&widgetName=sp_btf
169,Mincir sainement avec le r√©gime Okinawa: Les secrets pour vivre en forme jusqu‚Äô√† 100 ans et plus - Inclus 21 recettes minceur,"['Broch√© 8,99‚Ç¨‚Ç¨', 'Format Kindle 4,99‚Ç¨‚Ç¨']","3,9",104,https://www.amazon.fr//gp/slredirect/picassoRedirect.html/ref=pa_sp_btf_aps_sr_pg4_1?ie=UTF8&adId=A040933810YLKLVJPA4UE&url=%2FMincir-sainement-avec-r%25C3%25A9gime-Okinawa-ebook%2Fdp%2FB01B4MIVXU%2Fref%3Dsr_1_199_sspa%3Fdchild%3D1%26keywords%3Dlivre%2Brecettes%2Bminceur%26qid%3D1618529738%26sr%3D8-199-spons%26psc%3D1&qualifier=1618529738&id=2692602657419163&widgetName=sp_btf
170,La P√¢tisserie: Place √† la gourmandise !,"['Format Kindle 4,99‚Ç¨‚Ç¨']","4,1",6,https://www.amazon.fr//gp/slredirect/picassoRedirect.html/ref=pa_sp_btf_aps_sr_pg4_1?ie=UTF8&adId=A02801011MMG1QATQ3CTM&url=%2FP%25C3%25A2tisserie-Place-%25C3%25A0-gourmandise-ebook%2Fdp%2FB08P3HRWRV%2Fref%3Dsr_1_201_sspa%3Fdchild%3D1%26keywords%3Dlivre%2Brecettes%2Bminceur%26qid%3D1618529738%26sr%3D8-201-spons%26psc%3D1&qualifier=1618529738&id=2692602657419163&widgetName=sp_btf
171,Carnet suivi perte de poids | Fitness Edition - 365 jours suivi simple et efficace : Suivre chaque jour l‚Äô√©volution de vos objectifs minceur ou sant√©,"['Broch√© 6,93‚Ç¨‚Ç¨']","3,9",3,https://www.amazon.fr//gp/slredirect/picassoRedirect.html/ref=pa_sp_btf_aps_sr_pg4_1?ie=UTF8&adId=A034455636K5FBE5RY1MC&url=%2FCarnet-suivi-perte-poids-Fitness%2Fdp%2FB08HGNS644%2Fref%3Dsr_1_203_sspa%3Fdchild%3D1%26keywords%3Dlivre%2Brecettes%2Bminceur%26qid%3D1618529738%26sr%3D8-203-spons%26psc%3D1&qualifier=1618529738&id=2692602657419163&widgetName=sp_btf
172,Top Recettes - Livre de recettes √† remplir: v1-2 Carnet de recettes √† personnaliser | 125 pages 60 fiches recettes sur 2 pages | Grand Format | fond marron,"['Broch√© 7,99‚Ç¨‚Ç¨']",None,None,https://www.amazon.fr//gp/slredirect/picassoRedirect.html/ref=pa_sp_btf_aps_sr_pg4_1?ie=UTF8&adId=A091060531SPUF3E68E3L&url=%2FTop-Recettes-recettes-remplir-personnaliser%2Fdp%2FB08B325DZD%2Fref%3Dsr_1_204_sspa%3Fdchild%3D1%26keywords%3Dlivre%2Brecettes%2Bminceur%26qid%3D1618529738%26sr%3D8-204-spons%26psc%3D1&qualifier=1618529738&id=2692602657419163&widgetName=sp_btf
173,"L'Assiette pal√©o, 101 recettes sp√©cial force et endurance","['Broch√© 16,90‚Ç¨‚Ç¨', 'Format Kindle 11,99‚Ç¨‚Ç¨']","4,3",159,https://www.amazon.fr//LAssiette-pal%C3%A9o-recettes-sp%C3%A9cial-endurance/dp/2365491073/ref=sr_1_193?dchild=1&keywords=livre+recettes+minceur&qid=1618529740&sr=8-193
174,Le Carnet du Chef: Carnet de Cuisine √† remplir soi-m√™me: le Cahier de Cuisine comporte 233 Pages pour 112 Recettes au format A4,"['Broch√© 7,73‚Ç¨‚Ç¨']",None,None,https://www.amazon.fr//Carnet-Chef-soi-m%C3%AAme-comporte-Recettes/dp/B08QSTG397/ref=sr_1_194?dchild=1&keywords=livre+recettes+minceur&qid=1618529740&sr=8-194
175,SIMPLISSIME - Recettes v√©g√©tariennes et vegan: Les recettes v√©g√©tariennes et vegan les plus faciles du monde,"['Format Kindle 10,99‚Ç¨‚Ç¨', 'Reli√© 14,95‚Ç¨‚Ç¨']","4,5",497,https://www.amazon.fr//SIMPLISSIME-Recettes-v%C3%A9g%C3%A9tariennes-recettes-faciles/dp/2016261749/ref=sr_1_195?dchild=1&keywords=livre+recettes+minceur&qid=1618529740&sr=8-195
176,Recettes faciles pour tous les jours avec companion (Les petits Moulinex/Seb),"['Format Kindle 7,99‚Ç¨‚Ç¨', 'Broch√© 9,95‚Ç¨‚Ç¨']","4,5",627,https://www.amazon.fr//Recettes-faciles-companion-petits-Moulinex-ebook/dp/B07KT5DCJ2/ref=sr_1_196?dchild=1&keywords=livre+recettes+minceur&qid=1618529740&sr=8-196
177,"Sarrasin, l'alternative sans gluten (SARR)","['Broch√© 23,33‚Ç¨‚Ç¨', 'Poche 9,95‚Ç¨‚Ç¨']","4,5",26,https://www.amazon.fr//Sarrasin-lalternative-sans-gluten-Clemence/dp/2842213998/ref=sr_1_197?dchild=1&keywords=livre+recettes+minceur&qid=1618529740&sr=8-197
178,mes recettes minceur: Cahier de recettes de r√©gime √† remplir pour perte de poids - Livre de cuisine personnalis√© √† √©crire plus de 50 recettes,"['Broch√© 6,99‚Ç¨‚Ç¨']",None,None,https://www.amazon.fr//mes-recettes-minceur-remplir-personnalis%C3%A9/dp/B0882PKNTS/ref=sr_1_198?dchild=1&keywords=livre+recettes+minceur&qid=1618529740&sr=8-198
179,40 Recettes de Smoothie faciles pour tous les jours: De la recette hypocalorique √† la bombe √† √©nergie pure,"['Format Kindle 4,99‚Ç¨‚Ç¨', 'Broch√© 5,99‚Ç¨‚Ç¨']","3,6",11,https://www.amazon.fr//Recettes-Smoothie-faciles-pour-jours/dp/1722809841/ref=sr_1_199?dchild=1&keywords=livre+recettes+minceur&qid=1618529740&sr=8-199
180,"Mes Recettes de Jus de L√©gumes Detox: Livre recette extracteur de jus a remplir pour detox, jeune, cuisiner simple ou pour le plaisir du gout. Carnet ... pour maigrir ou manger l√©ger | 100 recettes","['Broch√© 6,99‚Ç¨‚Ç¨']","3,0",1,https://www.amazon.fr//Mes-Recettes-Jus-L%C3%A9gumes-Detox/dp/B08KQTT2CK/ref=sr_1_200?dchild=1&keywords=livre+recettes+minceur&qid=1618529740&sr=8-200
181,Cuisine d√©tox 120 recettes pour d√©coller du canap√©,"['Reli√© 15,95‚Ç¨‚Ç¨', 'Format Kindle 10,99‚Ç¨‚Ç¨']","4,4",17,https://www.amazon.fr//Cuisine-d%C3%A9tox-recettes-d%C3%A9coller-canap%C3%A9/dp/2035950155/ref=sr_1_201?dchild=1&keywords=livre+recettes+minceur&qid=1618529740&sr=8-201
182,Recettes √† l'extracteur,"['Format Kindle 5,99‚Ç¨‚Ç¨', 'Broch√© 7,99‚Ç¨‚Ç¨']","4,3",18,https://www.amazon.fr//Recettes-%C3%A0-lextracteur-Marjolaine-Daguerre/dp/2013350570/ref=sr_1_202?dchild=1&keywords=livre+recettes+minceur&qid=1618529740&sr=8-202
183,L'int√©grale des recettes illustr√©es Dukan pour r√©ussir la m√©thode,"['Broch√©  27,99‚Ç¨‚Ç¨']","4,3",256,https://www.amazon.fr//Lint%C3%A9grale-recettes-illustr%C3%A9es-r%C3%A9ussir-m%C3%A9thode/dp/2081238101/ref=sr_1_203?dchild=1&keywords=livre+recettes+minceur&qid=1618529740&sr=8-203
184,Bowls Fait Maison repas minceur & √©quilibr√©s 80 fiches recettes √† remplir: Livre de cuisine √† compl√©ter‚é™fiches pr√©format√©es ‚é™bouddha bowl bowlcake poke bowl‚é™grande format,"['Broch√© 8,99‚Ç¨‚Ç¨']",None,None,https://www.amazon.fr//Maison-minceur-%C3%A9quilibr%C3%A9s-recettes-remplir/dp/B08NZ5V184/ref=sr_1_204?dchild=1&keywords=livre+recettes+minceur&qid=1618529740&sr=8-204
185,Maigrir √† vue d'oeil,"['Broch√© 20,00‚Ç¨‚Ç¨', 'Format Kindle 13,99‚Ç¨‚Ç¨']","3,8",92,https://www.amazon.fr//Maigrir-doeil-Docteur-Claude-Chauchard/dp/2813220159/ref=sr_1_205?dchild=1&keywords=livre+recettes+minceur&qid=1618529740&sr=8-205
186,Low carb. 101 recettes pauvres en glucides,"['Format Kindle 12,99‚Ç¨‚Ç¨', 'Broch√© 19,90‚Ç¨‚Ç¨']","4,1",130,https://www.amazon.fr//Low-carb-recettes-pauvres-glucides/dp/236549207X/ref=sr_1_206?dchild=1&keywords=livre+recettes+minceur&qid=1618529740&sr=8-206
187,R√©gime c√©tog√®ne pour d√©butants: D√©fi de 21 jours et 55 recettes savoureuses - Comment transformer votre corps en une machine √† br√ªler les graisses pour vivre plus sainement et augmenter votre √©nergie,"['Broch√© 9,99‚Ç¨‚Ç¨', 'Format Kindle 4,99‚Ç¨‚Ç¨']","3,7",263,https://www.amazon.fr//R%C3%A9gime-c%C3%A9tog%C3%A8ne-pour-d%C3%A9butants-savoureuses/dp/1091401918/ref=sr_1_207?dchild=1&keywords=livre+recettes+minceur&qid=1618529740&sr=8-207
188,Le grand livre de l'alimentation c√©tog√®ne,"['Broch√© 23,95‚Ç¨‚Ç¨', 'Format Kindle 7,99‚Ç¨‚Ç¨']","4,5",1221,https://www.amazon.fr//grand-livre-lalimentation-c%C3%A9tog%C3%A8ne/dp/2365492452/ref=sr_1_208?dchild=1&keywords=livre+recettes+minceur&qid=1618529740&sr=8-208
189,Mes petites recettes magiques c√©tog√®nes,"['Broch√© 6,00‚Ç¨‚Ç¨', 'Format Kindle 4,99‚Ç¨‚Ç¨']","4,0",267,https://www.amazon.fr//petites-recettes-magiques-c%C3%A9tog%C3%A8nes-graisses/dp/B071HXBT7C/ref=sr_1_209?dchild=1&keywords=livre+recettes+minceur&qid=1618529740&sr=8-209
190,le Gourmet - Cr√®mes Glac√©es & Sorbets: Carnet de Cuisine e@syBook pour y noter 100 de mes Recettes en toute Simplicit√©,"['Broch√© 6,32‚Ç¨‚Ç¨']",None,None,https://www.amazon.fr//Gourmet-Glac%C3%A9es-Sorbets-Recettes-Simplicit%C3%A9/dp/B08BW8LY5W/ref=sr_1_210?dchild=1&keywords=livre+recettes+minceur&qid=1618529740&sr=8-210
191,"Le grand livre de l'alimentation anti-inflammatoire: Arthrose, Alzheimer, cancer, asthme, ob√©sit√©... Les meilleurs ingr√©dients et recettes pour pr√©venir l'inflammation chronique","['Broch√© 18,00‚Ç¨‚Ç¨', 'Format Kindle 10,99‚Ç¨‚Ç¨']","4,5",111,https://www.amazon.fr//grand-livre-lalimentation-anti-inflammatoire-linflammation-ebook/dp/B07JQ2KY4J/ref=sr_1_211?dchild=1&keywords=livre+recettes+minceur&qid=1618529740&sr=8-211
192,Recettes minceur - Tous en cuisine !,"['Broch√© 4,99‚Ç¨‚Ç¨']","4,2",3,https://www.amazon.fr//Recettes-minceur-Tous-en-cuisine/dp/2263160043/ref=sr_1_212?dchild=1&keywords=livre+recettes+minceur&qid=1618529740&sr=8-212
