,Titres,Format Prix,Evaluations (sur 5),Nombre d'évaluations,Liens
0,LA BIBLE DU FOUR: 500 Recettes incontournables Pour cuisiner au quotidien,"['Broché 12,90€€', 'Format Kindle 5,99€€']","3,0",2,https://www.amazon.fr//gp/slredirect/picassoRedirect.html/ref=pa_sp_atf_next_aps_sr_pg2_1?ie=UTF8&adId=A03089651HHFCTPYGXHLT&url=%2FBIBLE-DU-FOUR-incontournables-quotidien%2Fdp%2FB08FNJK61W%2Fref%3Dsr_1_49_sspa%3Fdchild%3D1%26keywords%3Dlivre%2Brobot%2Brecettes%2Bminceur%26qid%3D1618535335%26sr%3D8-49-spons%26psc%3D1&qualifier=1618535335&id=4249260215195297&widgetName=sp_atf_next
1,"Régime Cétogène: Le Guide Complet pour Perdre du Poids, Améliorer votre Mode de Vie Grâce à un Plan Alimentaire Comprenant des Recettes à IG Bas que vous Pourrez Combiner avec le Jeûne Intermittent","['Broché 13,61€€', 'Format Kindle 5,99€€']","4,5",15,https://www.amazon.fr//gp/slredirect/picassoRedirect.html/ref=pa_sp_atf_next_aps_sr_pg2_1?ie=UTF8&adId=A00500992K18Q98JCLTCE&url=%2FR%25C3%25A9gime-C%25C3%25A9tog%25C3%25A8ne-Alimentaire-Comprenant-Intermittent%2Fdp%2FB08DSSZFV3%2Fref%3Dsr_1_50_sspa%3Fdchild%3D1%26keywords%3Dlivre%2Brobot%2Brecettes%2Bminceur%26qid%3D1618535335%26sr%3D8-50-spons%26psc%3D1&qualifier=1618535335&id=4249260215195297&widgetName=sp_atf_next
2,Bowlfood Minceur - Mes petites recettes à index glycémiques bas,"['Broché 14,90€€']","3,7",17,https://www.amazon.fr//gp/slredirect/picassoRedirect.html/ref=pa_sp_atf_next_aps_sr_pg2_1?ie=UTF8&adId=A05498852YZLWFQYRWK03&url=%2FBowlfood-Minceur-petites-recettes-glyc%25C3%25A9miques%2Fdp%2F2359344749%2Fref%3Dsr_1_51_sspa%3Fdchild%3D1%26keywords%3Dlivre%2Brobot%2Brecettes%2Bminceur%26qid%3D1618535335%26sr%3D8-51-spons%26psc%3D1&qualifier=1618535335&id=4249260215195297&widgetName=sp_atf_next
3,Les Bienfaits des aliments lactofermentés,"['Broché 14,90€€']","4,8",8,https://www.amazon.fr//gp/slredirect/picassoRedirect.html/ref=pa_sp_atf_next_aps_sr_pg2_1?ie=UTF8&adId=A0549697G6N80QXFQFC7&url=%2FBienfaits-aliments-lactoferment%25C3%25A9s-Philippe-Chavanne%2Fdp%2F2359344730%2Fref%3Dsr_1_52_sspa%3Fdchild%3D1%26keywords%3Dlivre%2Brobot%2Brecettes%2Bminceur%26qid%3D1618535335%26sr%3D8-52-spons%26psc%3D1&qualifier=1618535335&id=4249260215195297&widgetName=sp_atf_next
4,Recettes friteuse à air: Découvrez la cuisine rapide avec 101 recettes friteuse sans huile ; Recettes faciles et délicieuses pour des repas rapides et sains (livre de cuisine facile),"['Broché 9,90€€', 'Format Kindle 3,99€€']","3,7",176,https://www.amazon.fr//Recettes-friteuse-air-D%C3%A9couvrez-d%C3%A9licieuses/dp/1796390879/ref=sr_1_53?dchild=1&keywords=livre+robot+recettes+minceur&qid=1618535335&sr=8-53
5,Un chef dans ma cuisine avec Thermomix: 9 chefs revisitent les meilleures recette Thermomix !,"['Format Kindle 33,99€€', 'Relié 34,95€€']","4,7",120,https://www.amazon.fr//chef-dans-cuisine-avec-Thermomix/dp/2035955807/ref=sr_1_54?dchild=1&keywords=livre+robot+recettes+minceur&qid=1618535335&sr=8-54
6,Recettes au Thermomix,"['Broché 6,95€€']","4,2",51,https://www.amazon.fr//Recettes-au-Thermomix-Sylvie-Girard/dp/2263159967/ref=sr_1_55?dchild=1&keywords=livre+robot+recettes+minceur&qid=1618535335&sr=8-55
7,Ma boulangerie maison avec Companion,"['Format Kindle 7,99€€', 'Broché 9,95€€']","4,6",503,https://www.amazon.fr//Ma-boulangerie-maison-avec-Companion/dp/2035970350/ref=sr_1_56?dchild=1&keywords=livre+robot+recettes+minceur&qid=1618535335&sr=8-56
8,"En 1 heure, je cuisine mes lunchs box pour toute la semaine","['Broché 19,95€€']","4,3",216,https://www.amazon.fr//heure-cuisine-lunchs-toute-semaine/dp/2017084581/ref=sr_1_57?dchild=1&keywords=livre+robot+recettes+minceur&qid=1618535335&sr=8-57
9,Hélène Ségara : mes recettes 100 % plaisir et bien-être,"['Relié 15,90€€']","3,9",89,https://www.amazon.fr//H%C3%A9l%C3%A8ne-S%C3%A9gara-recettes-plaisir-bien-%C3%AAtre/dp/250113625X/ref=sr_1_58?dchild=1&keywords=livre+robot+recettes+minceur&qid=1618535335&sr=8-58
10,20 minutes en cuisine avec Companion,"['Format Kindle 7,99€€', 'Broché 9,95€€']","4,5",155,https://www.amazon.fr//20-minutes-cuisine-avec-Companion/dp/2035986273/ref=sr_1_59?dchild=1&keywords=livre+robot+recettes+minceur&qid=1618535335&sr=8-59
11,WW Healthy Kitchen - Apéros super facile,"['Broché 7,95€€']","4,2",64,https://www.amazon.fr//WW-Healthy-Kitchen-Ap%C3%A9ros-facile/dp/2501149092/ref=sr_1_60?dchild=1&keywords=livre+robot+recettes+minceur&qid=1618535335&sr=8-60
12,"90 Recettes Cookeo Incontournables au Quotidien: Les meilleures recettes à réaliser, courtes et rapides au quotidien.","['Broché 9,92€€', 'Format Kindle 4,90€€']","3,9",38,https://www.amazon.fr//Recettes-Cookeo-Incontournables-Quotidien-meilleures-ebook/dp/B0852PT4ZM/ref=sr_1_61?dchild=1&keywords=livre+robot+recettes+minceur&qid=1618535335&sr=8-61
13,Desserts faciles avec Companion,"['Format Kindle 7,99€€', 'Broché 9,95€€']","4,6",273,https://www.amazon.fr//Desserts-faciles-Companion-Juliette-Lalbaltry/dp/203597013X/ref=sr_1_62?dchild=1&keywords=livre+robot+recettes+minceur&qid=1618535335&sr=8-62
14,Simplissime: Le livre de cuisine le + facile du monde,"['Relié 19,95€€', 'Format Kindle 14,99€€']","4,4",1737,https://www.amazon.fr//Simplissime-livre-cuisine-facile-monde/dp/2013963653/ref=sr_1_63?dchild=1&keywords=livre+robot+recettes+minceur&qid=1618535335&sr=8-63
15,Desserts gourmands avec Thermomix,"['Relié 29,95€€', 'Format Kindle 28,99€€']","4,7",154,https://www.amazon.fr//Desserts-gourmands-Thermomix-B%C3%A9reng%C3%A8re-Abraham/dp/2035969662/ref=sr_1_64?dchild=1&keywords=livre+robot+recettes+minceur&qid=1618535335&sr=8-64
16,Apéritifs dînatoires avec Thermomix,"['Relié 29,95€€', 'Format Kindle 28,99€€']","4,7",191,https://www.amazon.fr//Ap%C3%A9ritifs-d%C3%AEnatoires-Thermomix-ISABELLE-GUERRE/dp/2035969468/ref=sr_1_65?dchild=1&keywords=livre+robot+recettes+minceur&qid=1618535335&sr=8-65
17,Plats du soir avec Companion,"['Format Kindle 7,99€€', 'Broché 9,95€€']","4,6",173,https://www.amazon.fr//Plats-du-soir-avec-Companion/dp/2035970113/ref=sr_1_66?dchild=1&keywords=livre+robot+recettes+minceur&qid=1618535335&sr=8-66
18,Mimi cuisine : Mes recettes de saison au cookeo,"['Relié 19,95€€']","4,6",282,https://www.amazon.fr//Mes-recettes-saison-au-cookeo/dp/2035970156/ref=sr_1_67?dchild=1&keywords=livre+robot+recettes+minceur&qid=1618535335&sr=8-67
19,Recettes du monde avec Cookeo,"['Format Kindle 7,99€€', 'Broché 9,95€€']","4,6",523,https://www.amazon.fr//Recettes-du-monde-avec-Cookeo/dp/2035970083/ref=sr_1_68?dchild=1&keywords=livre+robot+recettes+minceur&qid=1618535335&sr=8-68
20,"Sarrasin, l'alternative sans gluten (SARR)","['Poche 9,95€€', 'Broché 23,33€€']","4,5",26,https://www.amazon.fr//Sarrasin-lalternative-sans-gluten-Clemence/dp/2842213998/ref=sr_1_69?dchild=1&keywords=livre+robot+recettes+minceur&qid=1618535335&sr=8-69
21,Je cuisine avec un robot cuiseur - Spécial végétarien,"['Broché 9,90€€']","4,2",71,https://www.amazon.fr//cuisine-avec-robot-cuiseur-v%C3%A9g%C3%A9tarien/dp/2501125177/ref=sr_1_70?dchild=1&keywords=livre+robot+recettes+minceur&qid=1618535335&sr=8-70
22,Recettes saines et gourmandes : Pour changer le quotidien,"['Broché 1,50€€']","4,2",172,https://www.amazon.fr//petits-marabout-Weight-Watchers/dp/2501142241/ref=sr_1_71?dchild=1&keywords=livre+robot+recettes+minceur&qid=1618535335&sr=8-71
23,I love mes recettes avec le robot Monsieur Cuisine,"['Broché 15,90€€']","4,5",278,https://www.amazon.fr//love-recettes-robot-Monsieur-Cuisine/dp/2263170049/ref=sr_1_72?dchild=1&keywords=livre+robot+recettes+minceur&qid=1618535335&sr=8-72
24,"Cahier de mes Recettes de Soupes Asiatiques: Livre pour écrire ses recettes de potages, veloutés, gaspachos,… préférées | Carnet de 60 Fiches à ... de soupes froides et chaudes fait maison","['Broché 7,99€€']",None,None,https://www.amazon.fr//Cahier-mes-Recettes-Soupes-Asiatiques/dp/B08KT1L2HP/ref=sr_1_73?dchild=1&keywords=livre+robot+recettes+minceur&qid=1618535335&sr=8-73
25,Healthy Kitchen - Mes menus de Batchcooking: Je cuisine pour la semaine en seulement 2h le week-end - Smartpoint inclus,"['Broché 19,90€€']","4,1",163,https://www.amazon.fr//Healthy-Kitchen-Batchcooking-seulement-Smartpoint/dp/2501138902/ref=sr_1_74?dchild=1&keywords=livre+robot+recettes+minceur&qid=1618535335&sr=8-74
26,"101 Recettes Thermomix Faciles et Rapides: De l'apéritif au dessert, pour toute la famille","['Broché 25,32€€', 'Format Kindle 3,99€€']","3,8",97,https://www.amazon.fr//101-Recettes-Thermomix-Faciles-Rapides/dp/1549905910/ref=sr_1_75?dchild=1&keywords=livre+robot+recettes+minceur&qid=1618535335&sr=8-75
27,"LES MEILLEURES RECETTES DE MAMAN: LES ALBUMS DE LA VIE VOUS PRESENTE : CARNET DE RECETTE ET DE CUISINE A REMPLIR | GRAND FORMAT 21,5 X 27,9 | A ... A OFFRIR POUR MAMAN OU MAMIE | ORIGINAL |","['Broché 9,99€€']",None,None,https://www.amazon.fr//MEILLEURES-RECETTES-MAMAN-PRESENTE-ORIGINAL/dp/B0884JR5FY/ref=sr_1_76?dchild=1&keywords=livre+robot+recettes+minceur&qid=1618535335&sr=8-76
28,Boissons remèdes,"['Broché 10,50€€']","4,7",14,https://www.amazon.fr//gp/slredirect/picassoRedirect.html/ref=pa_sp_mtf_aps_sr_pg2_1?ie=UTF8&adId=A08149252LI8N3YNOX2AY&url=%2FBoissons-rem%25C3%25A8des-Anne-Mcintyre%2Fdp%2F2761948297%2Fref%3Dsr_1_77_sspa%3Fdchild%3D1%26keywords%3Dlivre%2Brobot%2Brecettes%2Bminceur%26qid%3D1618535335%26sr%3D8-77-spons%26psc%3D1&qualifier=1618535335&id=4249260215195297&widgetName=sp_mtf
29,Agenda minceur 90 jours - mon suivi alimentaire détaillé: v2-1 Cahier régime | 90 jours pour maigrir | carnet regime à compléter sur 90 jours | 21cm x ... broché | planificateur fond gris anthracite,"['Broché 7,99€€']",None,None,https://www.amazon.fr//gp/slredirect/picassoRedirect.html/ref=pa_sp_mtf_aps_sr_pg2_1?ie=UTF8&adId=A08297751Q8OW6YQJ6ONW&url=%2FAgenda-minceur-jours-alimentaire-planificateur%2Fdp%2FB08C94RKBT%2Fref%3Dsr_1_78_sspa%3Fdchild%3D1%26keywords%3Dlivre%2Brobot%2Brecettes%2Bminceur%26qid%3D1618535335%26sr%3D8-78-spons%26psc%3D1&qualifier=1618535335&id=4249260215195297&widgetName=sp_mtf
30,Mincir sainement avec le régime Okinawa: Les secrets pour vivre en forme jusqu’à 100 ans et plus - Inclus 21 recettes minceur,"['Format Kindle 4,99€€', 'Broché 8,99€€']","3,9",104,https://www.amazon.fr//gp/slredirect/picassoRedirect.html/ref=pa_sp_mtf_aps_sr_pg2_1?ie=UTF8&adId=A040933810YLKLVJPA4UE&url=%2FMincir-sainement-avec-r%25C3%25A9gime-Okinawa-ebook%2Fdp%2FB01B4MIVXU%2Fref%3Dsr_1_79_sspa%3Fdchild%3D1%26keywords%3Dlivre%2Brobot%2Brecettes%2Bminceur%26qid%3D1618535335%26sr%3D8-79-spons%26psc%3D1&qualifier=1618535335&id=4249260215195297&widgetName=sp_mtf
31,Cookeo : Ma cuisine au Robot cuiseur: Recettes Inratables au Quotidien Rapides et faciles,"['Broché 9,95€€']",None,None,https://www.amazon.fr//gp/slredirect/picassoRedirect.html/ref=pa_sp_mtf_aps_sr_pg2_1?ie=UTF8&adId=A00242342AHRMQK5ESKB0&url=%2FCookeo-cuisine-Recettes-Inratables-Quotidien%2Fdp%2FB091WJBHKR%2Fref%3Dsr_1_80_sspa%3Fdchild%3D1%26keywords%3Dlivre%2Brobot%2Brecettes%2Bminceur%26qid%3D1618535335%26sr%3D8-80-spons%26psc%3D1&qualifier=1618535335&id=4249260215195297&widgetName=sp_mtf
32,Cuisiner avec Thermomix,"['Relié 29,95€€', 'Format Kindle 28,99€€']","4,4",159,https://www.amazon.fr//Cuisiner-avec-Thermomix-%C3%89lise-Delprat-Alvar%C3%A8s/dp/2035945216/ref=sr_1_81?dchild=1&keywords=livre+robot+recettes+minceur&qid=1618535335&sr=8-81
33,Recettes au Cookeo - Tous en cuisine !,"['Broché  4,99€€']","4,5",113,https://www.amazon.fr//Recettes-Cookeo-Tous-cuisine-COLLECTIF/dp/2263160027/ref=sr_1_82?dchild=1&keywords=livre+robot+recettes+minceur&qid=1618535335&sr=8-82
34,Mangez bien mangez sain avec Companion,"['Format Kindle 7,99€€', 'Broché 9,95€€']","4,5",138,https://www.amazon.fr//Mangez-bien-mangez-sain-Companion/dp/203597027X/ref=sr_1_83?dchild=1&keywords=livre+robot+recettes+minceur&qid=1618535335&sr=8-83
35,365 recettes Weight Watchers: légères gourmandes pour tous,"['Broché  35,00€€']","4,2",83,https://www.amazon.fr//365-recettes-Weight-Watchers-gourmandes/dp/2501115147/ref=sr_1_84?dchild=1&keywords=livre+robot+recettes+minceur&qid=1618535335&sr=8-84
36,Simplissime desserts: Le livre de desserts les + faciles du monde,"['Relié 14,95€€', 'Format Kindle 10,99€€']","4,5",522,https://www.amazon.fr//Simplissime-desserts-livre-faciles-monde/dp/2011356431/ref=sr_1_85?dchild=1&keywords=livre+robot+recettes+minceur&qid=1618535335&sr=8-85
37,Monsieur Cuisine : 100 recettes inratables pour tous les jours,"['Relié 15,90€€', 'Format Kindle 10,99€€']","4,3",556,https://www.amazon.fr//Monsieur-Cuisine-recettes-inratables-jours/dp/2501149882/ref=sr_1_86?dchild=1&keywords=livre+robot+recettes+minceur&qid=1618535335&sr=8-86
38,"Jus, smoothies et mocktails 100 recettes fraîcheur","['Relié 5,95€€', 'Format Kindle 4,49€€']","4,3",50,https://www.amazon.fr//Jus-smoothies-mocktails-recettes-fra%C3%AEcheur/dp/2017020079/ref=sr_1_87?dchild=1&keywords=livre+robot+recettes+minceur&qid=1618535335&sr=8-87
39,150 recettes de super-jus,"['Broché 6,50€€', 'Poche 6,90€€', 'Format Kindle 4,49€€']","4,3",297,https://www.amazon.fr//150-recettes-super-jus-vertus-l%C3%A9gumes/dp/2501139550/ref=sr_1_88?dchild=1&keywords=livre+robot+recettes+minceur&qid=1618535335&sr=8-88
40,Les enfants cuisinent avec Companion,"['Format Kindle 7,99€€', 'Broché 9,95€€']","4,6",299,https://www.amazon.fr//enfants-cuisinent-avec-Companion/dp/2035970237/ref=sr_1_89?dchild=1&keywords=livre+robot+recettes+minceur&qid=1618535335&sr=8-89
41,Recettes au robot pâtissier (Ustensilissimo),"['Format Kindle 7,99€€', 'Relié 9,95€€']","4,4",795,https://www.amazon.fr//Recettes-au-robot-p%C3%A2tissier-Ustensilissimo-ebook/dp/B07WHQP522/ref=sr_1_90?dchild=1&keywords=livre+robot+recettes+minceur&qid=1618535335&sr=8-90
42,Smoothies et cie avec l'Ultrablend cook,"['Format Kindle 7,99€€', 'Broché 9,95€€']","4,5",68,https://www.amazon.fr//Smoothies-cie-avec-lUltrablend-cook/dp/2035955823/ref=sr_1_91?dchild=1&keywords=livre+robot+recettes+minceur&qid=1618535335&sr=8-91
43,À table dans 20 minutes avec Cookeo,"['Broché 9,95€€']","4,5",554,https://www.amazon.fr//table-dans-minutes-avec-Cookeo/dp/2035955181/ref=sr_1_92?dchild=1&keywords=livre+robot+recettes+minceur&qid=1618535335&sr=8-92
44,Mes Recettes Délicieuses: Cahier à compléter pour 100 recettes - Livre de cuisine personnalisé à écrire 50 recette - Cahier De Recettes,"['Broché 6,99€€']","4,4",323,https://www.amazon.fr//Mes-Recettes-D%C3%A9licieuses-compl%C3%A9ter-personnalis%C3%A9/dp/1791694713/ref=sr_1_93?dchild=1&keywords=livre+robot+recettes+minceur&qid=1618535335&sr=8-93
45,On fait quoi pour le dîner ? Light,"['Broché  49,41€€']","4,2",75,https://www.amazon.fr//fait-quoi-pour-d%C3%AEner-Light/dp/2377612431/ref=sr_1_94?dchild=1&keywords=livre+robot+recettes+minceur&qid=1618535335&sr=8-94
46,Ce soir on reçoit avec Companion,"['Format Kindle 7,99€€', 'Broché 9,95€€']","4,4",298,https://www.amazon.fr//Ce-soir-re%C3%A7oit-Avec-Companion/dp/2295008913/ref=sr_1_95?dchild=1&keywords=livre+robot+recettes+minceur&qid=1618535335&sr=8-95
47,Robot cuiseur Light,"['Broché 6,95€€']","4,2",49,https://www.amazon.fr//Super-Facile-Robot-cuiseur-Light/dp/2501129172/ref=sr_1_96?dchild=1&keywords=livre+robot+recettes+minceur&qid=1618535335&sr=8-96
48,"Mon carnet de recettes grand format A4, Cahier de recettes à remplir avec les meilleures recettes de vous: Livre de recette vierge personnalisable pour compléter 55 fiches de recettes cuisine.","['Broché 6,99€€']",None,None,https://www.amazon.fr//carnet-recettes-format-remplir-meilleures/dp/B08CMDMM9C/ref=sr_1_97?dchild=1&keywords=livre+robot+recettes+minceur&qid=1618535335&sr=8-97
49,"En 1 heure, je cuisine les repas de mes enfants pour toute la semaine","['Broché 24,95€€']","4,1",196,https://www.amazon.fr//heure-cuisine-repas-enfants-semaine/dp/201708445X/ref=sr_1_98?dchild=1&keywords=livre+robot+recettes+minceur&qid=1618535335&sr=8-98
50,Mes petites recettes magiques à l'autocuiseur,"['Poche 11,09€€']","4,1",60,https://www.amazon.fr//Mes-petites-recettes-magiques-lautocuiseur/dp/B06XXXP1GV/ref=sr_1_99?dchild=1&keywords=livre+robot+recettes+minceur&qid=1618535335&sr=8-99
51,"Mes recettes de cuisine: Carnet à remplir pour 100 Recettes | noter les ingrédients, les cuissons, vos préparations et astuces de fabrication | 105 Pages | Grand format","['Broché 4,99€€']",None,None,https://www.amazon.fr//Mes-recettes-cuisine-ingr%C3%A9dients-pr%C3%A9parations/dp/B08TLD13VL/ref=sr_1_100?dchild=1&keywords=livre+robot+recettes+minceur&qid=1618535335&sr=8-100
52,50 Recettes de Smoothies et Jus Verts pour Perdre du Poids et Maigrir: Les meilleurs Jus Verts et Smoothies pour perdre du poids et améliorer votre santé ... naturelles pour améliorer votre santé),"['Format Kindle 4,97€€', 'Broché 9,97€€']","3,9",156,https://www.amazon.fr//Recettes-Smoothies-Verts-Perdre-Maigrir-ebook/dp/B076F4C3N8/ref=sr_1_101?dchild=1&keywords=livre+robot+recettes+minceur&qid=1618535335&sr=8-101
53,"Jus détox, Eaux détox & Smoothies détox: 50 Recettes détox pour perdre du poids, gagner de l’énergie et être en bonne forme - Eaux infusées, Smoothies minceur et Jus détox (Recettes boisson détox)","['Format Kindle 2,99€€', 'Broché 7,99€€']","3,8",14,https://www.amazon.fr//Jus-d%C3%A9tox-Eaux-Smoothies-Recettes-ebook/dp/B07R3318WT/ref=sr_1_102?dchild=1&keywords=livre+robot+recettes+minceur&qid=1618535335&sr=8-102
54,50 recettes au robot cuiseur: A moins de 300 calories,"['Format Kindle 1,99€€']","4,2",14,https://www.amazon.fr//50-recettes-robot-cuiseur-calories-ebook/dp/B073BMGL9S/ref=sr_1_103?dchild=1&keywords=livre+robot+recettes+minceur&qid=1618535335&sr=8-103
55,"Recettes Light: Parce qu’on peut manger bon et équilibré, profiter de la vie sans les calories.","['Format Kindle 4,30€€', 'Broché 9,71€€']",None,None,https://www.amazon.fr//Recettes-Light-%C3%A9quilibr%C3%A9-profiter-calories/dp/B0892HPX7P/ref=sr_1_104?dchild=1&keywords=livre+robot+recettes+minceur&qid=1618535335&sr=8-104
56,"Le Régime Cétogène: Perdez du poids efficacement avec le régime cétogène - inclus un programme de 14 jours, idéal aussi bien pour les débutants que pour les connaisseurs","['Format Kindle 3,95€€', 'Broché 7,95€€']","3,7",392,https://www.amazon.fr//gp/slredirect/picassoRedirect.html/ref=pa_sp_btf_aps_sr_pg2_1?ie=UTF8&adId=A09823072S7BINM3N0QL3&url=%2FR%25C3%25A9gime-C%25C3%25A9tog%25C3%25A8ne-efficacement-programme-connaisseurs%2Fdp%2FB087SN2SSW%2Fref%3Dsr_1_105_sspa%3Fdchild%3D1%26keywords%3Dlivre%2Brobot%2Brecettes%2Bminceur%26qid%3D1618535335%26sr%3D8-105-spons%26psc%3D1&qualifier=1618535335&id=4249260215195297&widgetName=sp_btf
57,Cuisine Avec Thermomix 150 Recettes Faciles et Rapides,"['Broché 11,95€€', 'Format Kindle 5,99€€']","4,3",13,https://www.amazon.fr//gp/slredirect/picassoRedirect.html/ref=pa_sp_btf_aps_sr_pg2_1?ie=UTF8&adId=A028838222Y5EW4D6REUH&url=%2FCuisine-Thermomix-Recettes-Faciles-Rapides%2Fdp%2FB088S9NKK3%2Fref%3Dsr_1_106_sspa%3Fdchild%3D1%26keywords%3Dlivre%2Brobot%2Brecettes%2Bminceur%26qid%3D1618535335%26sr%3D8-106-spons%26psc%3D1&qualifier=1618535335&id=4249260215195297&widgetName=sp_btf
58,Carnet suivi perte de poids | Fitness Edition - 365 jours suivi simple et efficace : Suivre chaque jour l’évolution de vos objectifs minceur ou santé,"['Broché 6,93€€']","3,9",3,https://www.amazon.fr//gp/slredirect/picassoRedirect.html/ref=pa_sp_btf_aps_sr_pg2_1?ie=UTF8&adId=A02591813IXEEY9ZU3PCD&url=%2FCarnet-suivi-perte-poids-Fitness%2Fdp%2FB08HGNS644%2Fref%3Dsr_1_107_sspa%3Fdchild%3D1%26keywords%3Dlivre%2Brobot%2Brecettes%2Bminceur%26qid%3D1618535335%26sr%3D8-107-spons%26psc%3D1&qualifier=1618535335&id=4249260215195297&widgetName=sp_btf
59,Régime Alimentaire À Faible Teneur En Glucides Pour Débutants: Le Guide Ultime Du Régime À Faible Teneur En Glucides - Ce Qu'il Faut Manger Et Éviter + 50 Recettes Éprouvées Pour Perdre Du Poids,"['Broché 19,95€€', 'Format Kindle 6,95€€']","4,0",2,https://www.amazon.fr//gp/slredirect/picassoRedirect.html/ref=pa_sp_btf_aps_sr_pg2_1?ie=UTF8&adId=A104685733AO4M1KK0X8I&url=%2FR%25C3%25A9gime-Alimentaire-Faible-Glucides-D%25C3%25A9butants%2Fdp%2F1774351196%2Fref%3Dsr_1_108_sspa%3Fdchild%3D1%26keywords%3Dlivre%2Brobot%2Brecettes%2Bminceur%26qid%3D1618535335%26sr%3D8-108-spons%26psc%3D1&qualifier=1618535335&id=4249260215195297&widgetName=sp_btf
60,LA BIBLE DU FOUR: 500 Recettes incontournables Pour cuisiner au quotidien,"['Broché 12,90€€', 'Format Kindle 5,99€€']","3,0",2,https://www.amazon.fr//gp/slredirect/picassoRedirect.html/ref=pa_sp_atf_next_aps_sr_pg3_1?ie=UTF8&adId=A03089651HHFCTPYGXHLT&url=%2FBIBLE-DU-FOUR-incontournables-quotidien%2Fdp%2FB08FNJK61W%2Fref%3Dsr_1_97_sspa%3Fdchild%3D1%26keywords%3Dlivre%2Brobot%2Brecettes%2Bminceur%26qid%3D1618535336%26sr%3D8-97-spons%26psc%3D1&qualifier=1618535336&id=7414747903065541&widgetName=sp_atf_next
61,"Régime Cétogène: Le Guide Complet pour Perdre du Poids, Améliorer votre Mode de Vie Grâce à un Plan Alimentaire Comprenant des Recettes à IG Bas que vous Pourrez Combiner avec le Jeûne Intermittent","['Broché 13,61€€', 'Format Kindle 5,99€€']","4,5",15,https://www.amazon.fr//gp/slredirect/picassoRedirect.html/ref=pa_sp_atf_next_aps_sr_pg3_1?ie=UTF8&adId=A00500992K18Q98JCLTCE&url=%2FR%25C3%25A9gime-C%25C3%25A9tog%25C3%25A8ne-Alimentaire-Comprenant-Intermittent%2Fdp%2FB08DSSZFV3%2Fref%3Dsr_1_98_sspa%3Fdchild%3D1%26keywords%3Dlivre%2Brobot%2Brecettes%2Bminceur%26qid%3D1618535336%26sr%3D8-98-spons%26psc%3D1&qualifier=1618535336&id=7414747903065541&widgetName=sp_atf_next
62,Bowlfood Minceur - Mes petites recettes à index glycémiques bas,"['Broché 14,90€€']","3,7",17,https://www.amazon.fr//gp/slredirect/picassoRedirect.html/ref=pa_sp_atf_next_aps_sr_pg3_1?ie=UTF8&adId=A05498852YZLWFQYRWK03&url=%2FBowlfood-Minceur-petites-recettes-glyc%25C3%25A9miques%2Fdp%2F2359344749%2Fref%3Dsr_1_99_sspa%3Fdchild%3D1%26keywords%3Dlivre%2Brobot%2Brecettes%2Bminceur%26qid%3D1618535336%26sr%3D8-99-spons%26psc%3D1&qualifier=1618535336&id=7414747903065541&widgetName=sp_atf_next
63,Boissons remèdes,"['Broché 10,50€€']","4,7",14,https://www.amazon.fr//gp/slredirect/picassoRedirect.html/ref=pa_sp_atf_next_aps_sr_pg3_1?ie=UTF8&adId=A08149252LI8N3YNOX2AY&url=%2FBoissons-rem%25C3%25A8des-Anne-Mcintyre%2Fdp%2F2761948297%2Fref%3Dsr_1_100_sspa%3Fdchild%3D1%26keywords%3Dlivre%2Brobot%2Brecettes%2Bminceur%26qid%3D1618535336%26sr%3D8-100-spons%26psc%3D1&qualifier=1618535336&id=7414747903065541&widgetName=sp_atf_next
64,"Cahier de mes Recettes de Soupes au Potiron: Livre pour écrire ses recettes de potages, veloutés, gaspachos,… préférées | Carnet de 60 Fiches à ... de soupes froides et chaudes fait maison","['Broché 7,99€€']",None,None,https://www.amazon.fr//Cahier-mes-Recettes-Soupes-Potiron/dp/B08KT112JQ/ref=sr_1_101?dchild=1&keywords=livre+robot+recettes+minceur&qid=1618535336&sr=8-101
65,Les robots,"['Broché 4,90€€', 'Format Kindle 4,99€€', 'Relié 7,60€€']","4,6",77,https://www.amazon.fr//robots-St%C3%A9phanie-Ledu/dp/2745948040/ref=sr_1_102?dchild=1&keywords=livre+robot+recettes+minceur&qid=1618535336&sr=8-102
66,"Jus, Détox, Jeûne: Pour se purifier et se débarrasser des toxines","['Broché 14,95€€']","4,0",33,https://www.amazon.fr//Jus-D%C3%A9tox-Je%C3%BBne-purifier-d%C3%A9barrasser/dp/8893194228/ref=sr_1_103?dchild=1&keywords=livre+robot+recettes+minceur&qid=1618535336&sr=8-103
67,Mes petites recettes magiques à l'autocuiseur,"['Poche 11,09€€']","4,1",60,https://www.amazon.fr//Mes-petites-recettes-magiques-lautocuiseur/dp/B06XXXP1GV/ref=sr_1_104?dchild=1&keywords=livre+robot+recettes+minceur&qid=1618535336&sr=8-104
68,Robot cuiseur Light,"['Broché 6,95€€']","4,2",49,https://www.amazon.fr//Super-Facile-Robot-cuiseur-Light/dp/2501129172/ref=sr_1_105?dchild=1&keywords=livre+robot+recettes+minceur&qid=1618535336&sr=8-105
69,Carnet Minceur: cahier régime/carnet régime/Agenda Régime/mon agenda minceur/mon agenda de rééquilibrage alimentaire /mon cahier perte de poids le déclic émotionnel,"['Broché 7,99€€']",None,None,https://www.amazon.fr//Carnet-Minceur-r%C3%A9%C3%A9quilibrage-alimentaire-%C3%A9motionnel/dp/B08DC5Y7TJ/ref=sr_1_106?dchild=1&keywords=livre+robot+recettes+minceur&qid=1618535336&sr=8-106
70,Agenda régime: cahier régime/carnet régime/Mon agenda Régime/mon agenda minceur/mon agenda de rééquilibrage alimentaire /mon cahier perte de poids le déclic émotionnel,"['Broché 7,99€€']",None,None,https://www.amazon.fr//Agenda-r%C3%A9gime-r%C3%A9%C3%A9quilibrage-alimentaire-%C3%A9motionnel/dp/B08DC5VSXR/ref=sr_1_107?dchild=1&keywords=livre+robot+recettes+minceur&qid=1618535336&sr=8-107
71,"Robots Livre d'activités pour enfants: Age 4 - 8 Ans Filles & Garçons | Cahier D'activités enfants, 88 activités et jeux pour apprendre en s'amusant ... mêlés et plus | Cadeau éducatif 5, 10 ans","['Broché 4,99€€']",None,None,https://www.amazon.fr//Robots-Livre-dactivit%C3%A9s-pour-enfants/dp/B086B9TSVS/ref=sr_1_109?dchild=1&keywords=livre+robot+recettes+minceur&qid=1618535336&sr=8-109
72,10 recettes minceur au robot cuiseur et conseils diététiques: chiffrage calories SP et PP,"['Format Kindle 1,34€€']","3,8",6,https://www.amazon.fr//recettes-minceur-cuiseur-conseils-di%C3%A9t%C3%A9tiques-ebook/dp/B073SK6429/ref=sr_1_110?dchild=1&keywords=livre+robot+recettes+minceur&qid=1618535336&sr=8-110
73,"Cuisine minceur - 250 recettes testées, goûtées et appréciées","['Format Kindle 7,99€€', 'Poche 10,50€€']","4,1",21,https://www.amazon.fr//Cuisine-minceur-recettes-test%C3%A9es-appr%C3%A9ci%C3%A9es/dp/275408309X/ref=sr_1_111?dchild=1&keywords=livre+robot+recettes+minceur&qid=1618535336&sr=8-111
74,"Super smoothies : 100 recettes délicieuses, stimulantes et nutritives préparées avec des superaliments","['Relié 16,95€€']","4,7",22,https://www.amazon.fr//Super-smoothies-d%C3%A9licieuses-stimulantes-superaliments/dp/8862296843/ref=sr_1_112?dchild=1&keywords=livre+robot+recettes+minceur&qid=1618535336&sr=8-112
75,"Cahier Mes Recettes de Soupes Végétariennes: Livre pour écrire ses recettes de potages, veloutés, gaspachos,… préférées | Carnet de 60 Fiches à ... de soupes froides et chaudes fait maison","['Broché 7,99€€']",None,None,https://www.amazon.fr//Cahier-Mes-Recettes-Soupes-V%C3%A9g%C3%A9tariennes/dp/B08KT63S8H/ref=sr_1_113?dchild=1&keywords=livre+robot+recettes+minceur&qid=1618535336&sr=8-113
76,"Mon robot & moi, on cuisine comme ça !","['Relié 8,95€€']","4,3",216,https://www.amazon.fr//Mon-robot-moi-cuisine-comme/dp/2035933951/ref=sr_1_114?dchild=1&keywords=livre+robot+recettes+minceur&qid=1618535336&sr=8-114
77,Calendrier 365 recettes légères Marmiton - L'Année à Bloc,"['Broché 11,90€€']","4,2",30,https://www.amazon.fr//Ann%C3%A9e-Bloc-recettes-l%C3%A9g%C3%A8res-Marmiton/dp/2809658048/ref=sr_1_115?dchild=1&keywords=livre+robot+recettes+minceur&qid=1618535336&sr=8-115
78,"Mes recettes: Mon cahier de recettes, Carnet à compléter: pour 100 recettes Livre de cuisine personnalisé à écrire cahier de recettes à remplir Cadeau ... quotidien Fêtes Noël régionales","['Broché 4,58€€']","5,0",1,https://www.amazon.fr//Mes-recettes-compl%C3%A9ter-personnalis%C3%A9-r%C3%A9gionales/dp/108906215X/ref=sr_1_116?dchild=1&keywords=livre+robot+recettes+minceur&qid=1618535336&sr=8-116
79,Mes Recettes: Livre de recettes À compléter soi-même,"['Broché 6,32€€']",None,None,https://www.amazon.fr//Mes-Recettes-recettes-compl%C3%A9ter-soi-m%C3%AAme/dp/B091WF6ZB4/ref=sr_1_117?dchild=1&keywords=livre+robot+recettes+minceur&qid=1618535336&sr=8-117
80,Mes recettes rapides: Livre à compléter - 100 Recettes faciles et rapide à noter - Grand Format - 105 Pages.,"['Broché 5,99€€']",None,None,https://www.amazon.fr//Mes-recettes-rapides-compl%C3%A9ter-Recettes/dp/B08TWFH1LW/ref=sr_1_118?dchild=1&keywords=livre+robot+recettes+minceur&qid=1618535336&sr=8-118
81,Mon Cahier De Recettes à Remplir: Livre de Recette a Remplir avec un Sommaire Carnet de Cuisine Pour 100 Recette,"['Broché 5,98€€']",None,None,https://www.amazon.fr//Mon-Cahier-Recettes-Remplir-Sommaire/dp/B084DGWMB3/ref=sr_1_119?dchild=1&keywords=livre+robot+recettes+minceur&qid=1618535336&sr=8-119
82,Mon Cahier De Recettes à Remplir: Livre de Recette a Remplir avec un Sommaire Carnet de Cuisine Pour 100 Recette,"['Broché 5,98€€']",None,None,https://www.amazon.fr//Mon-Cahier-Recettes-Remplir-Sommaire/dp/B084DGPMQM/ref=sr_1_120?dchild=1&keywords=livre+robot+recettes+minceur&qid=1618535336&sr=8-120
83,Mes petites recettes magiques à moins de 300 calories (Mes petites recettes magiques - Poche),"['Poche 6,00€€', 'Format Kindle 4,99€€']","4,1",241,https://www.amazon.fr//petites-recettes-magiques-moins-calories-ebook/dp/B01N6E8HWA/ref=sr_1_121?dchild=1&keywords=livre+robot+recettes+minceur&qid=1618535336&sr=8-121
84,Les robots,"['Broché 7,95€€']","4,8",41,https://www.amazon.fr//robots-Cathy-Franco/dp/2215142715/ref=sr_1_122?dchild=1&keywords=livre+robot+recettes+minceur&qid=1618535336&sr=8-122
85,200 recettes smoothies,"['Broché 1,49€€']","4,0",28,https://www.amazon.fr//200-recettes-smoothies-Collectif/dp/2501101855/ref=sr_1_123?dchild=1&keywords=livre+robot+recettes+minceur&qid=1618535336&sr=8-123
86,Les robots et l'IA (ancien Robots) - abandon,"['Format Kindle 5,99€€', 'Relié 8,90€€']","4,8",13,https://www.amazon.fr//robots-Myriam-Martelle/dp/2745984845/ref=sr_1_124?dchild=1&keywords=livre+robot+recettes+minceur&qid=1618535336&sr=8-124
87,Les Bienfaits des aliments lactofermentés,"['Broché 14,90€€']","4,8",8,https://www.amazon.fr//gp/slredirect/picassoRedirect.html/ref=pa_sp_mtf_aps_sr_pg3_1?ie=UTF8&adId=A0549697G6N80QXFQFC7&url=%2FBienfaits-aliments-lactoferment%25C3%25A9s-Philippe-Chavanne%2Fdp%2F2359344730%2Fref%3Dsr_1_125_sspa%3Fdchild%3D1%26keywords%3Dlivre%2Brobot%2Brecettes%2Bminceur%26qid%3D1618535336%26sr%3D8-125-spons%26psc%3D1&qualifier=1618535336&id=7414747903065541&widgetName=sp_mtf
88,Agenda minceur 90 jours - mon suivi alimentaire détaillé: v2-1 Cahier régime | 90 jours pour maigrir | carnet regime à compléter sur 90 jours | 21cm x ... broché | planificateur fond gris anthracite,"['Broché 7,99€€']",None,None,https://www.amazon.fr//gp/slredirect/picassoRedirect.html/ref=pa_sp_mtf_aps_sr_pg3_1?ie=UTF8&adId=A08297751Q8OW6YQJ6ONW&url=%2FAgenda-minceur-jours-alimentaire-planificateur%2Fdp%2FB08C94RKBT%2Fref%3Dsr_1_126_sspa%3Fdchild%3D1%26keywords%3Dlivre%2Brobot%2Brecettes%2Bminceur%26qid%3D1618535336%26sr%3D8-126-spons%26psc%3D1&qualifier=1618535336&id=7414747903065541&widgetName=sp_mtf
89,Mincir sainement avec le régime Okinawa: Les secrets pour vivre en forme jusqu’à 100 ans et plus - Inclus 21 recettes minceur,"['Format Kindle 4,99€€', 'Broché 8,99€€']","3,9",104,https://www.amazon.fr//gp/slredirect/picassoRedirect.html/ref=pa_sp_mtf_aps_sr_pg3_1?ie=UTF8&adId=A040933810YLKLVJPA4UE&url=%2FMincir-sainement-avec-r%25C3%25A9gime-Okinawa-ebook%2Fdp%2FB01B4MIVXU%2Fref%3Dsr_1_127_sspa%3Fdchild%3D1%26keywords%3Dlivre%2Brobot%2Brecettes%2Bminceur%26qid%3D1618535336%26sr%3D8-127-spons%26psc%3D1&qualifier=1618535336&id=7414747903065541&widgetName=sp_mtf
90,"Le Régime Cétogène: Perdez du poids efficacement avec le régime cétogène - inclus un programme de 14 jours, idéal aussi bien pour les débutants que pour les connaisseurs","['Format Kindle 3,95€€', 'Broché 7,95€€']","3,7",392,https://www.amazon.fr//gp/slredirect/picassoRedirect.html/ref=pa_sp_mtf_aps_sr_pg3_1?ie=UTF8&adId=A09823072S7BINM3N0QL3&url=%2FR%25C3%25A9gime-C%25C3%25A9tog%25C3%25A8ne-efficacement-programme-connaisseurs%2Fdp%2FB087SN2SSW%2Fref%3Dsr_1_128_sspa%3Fdchild%3D1%26keywords%3Dlivre%2Brobot%2Brecettes%2Bminceur%26qid%3D1618535336%26sr%3D8-128-spons%26psc%3D1&qualifier=1618535336&id=7414747903065541&widgetName=sp_mtf
91,BATCH COOKING: Planificateur de 12 Semaines de Menus & Listes de Courses à Découper | Cahier à Remplir pour Organiser les Repas Fait Maison en Famille ou Solo | Cuisine Petit Budget,"['Broché 6,90€€']",None,None,https://www.amazon.fr//BATCH-COOKING-Planificateur-Semaines-Organiser/dp/B08CJJRQ2K/ref=sr_1_129?dchild=1&keywords=livre+robot+recettes+minceur&qid=1618535336&sr=8-129
92,Agenda minceur: cahier régime/carnet régime/Agenda Régime/mon agenda minceur/mon agenda de rééquilibrage alimentaire /mon cahier perte de poids le déclic émotionnel,"['Broché 7,99€€']",None,None,https://www.amazon.fr//Agenda-minceur-r%C3%A9%C3%A9quilibrage-alimentaire-%C3%A9motionnel/dp/B08DBVQZ65/ref=sr_1_130?dchild=1&keywords=livre+robot+recettes+minceur&qid=1618535336&sr=8-130
93,"Smoothies : Smoothies pour débutants, livre de recettes de smoothies","['Format Kindle 2,66€€', 'Broché 6,46€€']","4,2",11,https://www.amazon.fr//Smoothies-d%C3%A9butants-livre-recettes-smoothies-ebook/dp/B01MYESBBD/ref=sr_1_131?dchild=1&keywords=livre+robot+recettes+minceur&qid=1618535336&sr=8-131
94,Recettes minceur aux protéines,"['Format Kindle 3,99€€', 'Relié 7,99€€']","4,2",13,https://www.amazon.fr//Recettes-minceur-prot%C3%A9ines-Corinne-Jausserand/dp/2035859360/ref=sr_1_132?dchild=1&keywords=livre+robot+recettes+minceur&qid=1618535336&sr=8-132
95,"Robot Livre de Coloriage: Livre de coloriage pour les enfants de 4 à 8 ans, une grande variété de robots, Cadeau d'Anniversaire pour enfant (fille et ... gros livre de coloriage (21,59 x 27,94 cm)","['Broché 3,98€€']","4,3",7,https://www.amazon.fr//Robot-Livre-Coloriage-coloriage-dAnniversaire/dp/B086BBX7GX/ref=sr_1_133?dchild=1&keywords=livre+robot+recettes+minceur&qid=1618535336&sr=8-133
96,"Cahier de mes Recettes de Soupes Asiatiques: Livre pour écrire ses recettes de potages, veloutés, gaspachos,… préférées | Carnet de 60 Fiches à ... de soupes froides et chaudes fait maison","['Broché 7,99€€']","1,0",1,https://www.amazon.fr//Cahier-mes-Recettes-Soupes-Asiatiques/dp/B08KTBMTLK/ref=sr_1_134?dchild=1&keywords=livre+robot+recettes+minceur&qid=1618535336&sr=8-134
97,"Livre de recettes personnalisées: Ce carnet de recettes est cahier de recettes à remplir/cahier recette cuisine vierge à compléter/ Soit pour faire un dessert, une patisserie, des repas diététiques…","['Broché 7,99€€']",None,None,https://www.amazon.fr//Livre-recettes-personnalis%C3%A9es-patisserie-di%C3%A9t%C3%A9tiques/dp/1679913069/ref=sr_1_135?dchild=1&keywords=livre+robot+recettes+minceur&qid=1618535336&sr=8-135
98,"Recettes du bonheur: Notez vos idées d'entrées, plats et desserts | 100 recettes à remplir | cadeau idéal à offrir pour un amateur de cuisine","['Broché 5,99€€']",None,None,https://www.amazon.fr//Recettes-bonheur-dentr%C3%A9es-desserts-recettes/dp/B08TL7RKPV/ref=sr_1_136?dchild=1&keywords=livre+robot+recettes+minceur&qid=1618535336&sr=8-136
99,Mon Cahier De Recettes à Remplir: Livre de Recette a Remplir avec un Sommaire Carnet de Cuisine Pour 100 Recette,"['Broché 5,98€€']","3,0",2,https://www.amazon.fr//Mon-Cahier-Recettes-Remplir-Sommaire/dp/B084DGX2CP/ref=sr_1_137?dchild=1&keywords=livre+robot+recettes+minceur&qid=1618535336&sr=8-137
100,JOURNAL RECETTES DE SUSHIS: Carnet de recettes de sushis: Carnet de 100 pages de recettes de sushis à compléter grâce à ses pages prés-remplies - Idéal pour créer vos recettes.,"['Broché 4,99€€']",None,None,https://www.amazon.fr//JOURNAL-RECETTES-SUSHIS-compl%C3%A9ter-pr%C3%A9s-remplies/dp/B08MHRRL7Z/ref=sr_1_138?dchild=1&keywords=livre+robot+recettes+minceur&qid=1618535336&sr=8-138
101,"DU JUS: 55 recettes de jus de fruits et légumes pour commencer à faire de jus pour perdre du poids, faire des jus pour être en bonne santé, faire un nettoyage naturel grâce à une cure de jus","['Broché 9,48€€', 'Format Kindle 2,99€€']","4,2",53,https://www.amazon.fr//DU-JUS-recettes-commencer-nettoyage-ebook/dp/B01DIKLCUK/ref=sr_1_139?dchild=1&keywords=livre+robot+recettes+minceur&qid=1618535336&sr=8-139
102,Cuisine légère NE - 1001 recettes,"['Relié 9,95€€']","3,9",37,https://www.amazon.fr//Cuisine-l%C3%A9g%C3%A8re-NE-1001-recettes/dp/2263149252/ref=sr_1_140?dchild=1&keywords=livre+robot+recettes+minceur&qid=1618535336&sr=8-140
103,"Jus détox, Eaux détox & Smoothies détox: 50 Recettes détox pour perdre du poids, gagner de l’énergie et être en bonne forme - Eaux infusées, Smoothies minceur et Jus détox (Recettes boisson détox)","['Format Kindle 2,99€€', 'Broché 7,99€€']","3,8",14,https://www.amazon.fr//Jus-d%C3%A9tox-Eaux-Smoothies-Recettes-ebook/dp/B07R3318WT/ref=sr_1_141?dchild=1&keywords=livre+robot+recettes+minceur&qid=1618535336&sr=8-141
104,J'ai 4 ans et j'aime les robots: Le livre à colorier pour les enfants de 4 ans qui aime les robots. Album à colorier robot,"['Broché 7,59€€']",None,None,https://www.amazon.fr//Jai-ans-jaime-robots-colorier/dp/1689599731/ref=sr_1_143?dchild=1&keywords=livre+robot+recettes+minceur&qid=1618535336&sr=8-143
105,Bon Appétit: Livre de recettes pour sauvegarder 100 de vos recettes préférées,"['Broché 6,32€€']",None,None,https://www.amazon.fr//Bon-App%C3%A9tit-recettes-sauvegarder-pr%C3%A9f%C3%A9r%C3%A9es/dp/B08HT86XNT/ref=sr_1_144?dchild=1&keywords=livre+robot+recettes+minceur&qid=1618535336&sr=8-144
106,"Chers bourrelets, notre histoire d'amour s'arrête aujourd'hui: Agenda Minceur 90 jours | Carnet alimentaire à compléter | Objectif poids, ... une idée, un conseil ou une phrase motivation","['Broché 6,99€€']","5,0",2,https://www.amazon.fr//bourrelets-histoire-damour-sarr%C3%AAte-aujourdhui/dp/B08KGT7FWD/ref=sr_1_145?dchild=1&keywords=livre+robot+recettes+minceur&qid=1618535336&sr=8-145
107,"MON LIVRE DE RECETTES: LES ALBUMS DE LA VIE VOUS PRESENTE : CARNET DE RECETTE ET DE CUISINE A REMPLIR | GRAND FORMAT 21,5 X 27,9 | A PERSONNALISER | ... A OFFRIR POUR MAMAN OU MAMIE | ORIGINAL |","['Broché 10,99€€']",None,None,https://www.amazon.fr//MON-LIVRE-RECETTES-PRESENTE-PERSONNALISER/dp/B088BHTTXL/ref=sr_1_146?dchild=1&keywords=livre+robot+recettes+minceur&qid=1618535336&sr=8-146
108,"MON LIVRE DE RECETTES: LES ALBUMS DE LA VIE VOUS PRESENTE : CARNET DE RECETTE ET DE CUISINE A REMPLIR | GRAND FORMAT 21,5 X 27,9 | A PERSONNALISER | ... A OFFRIR POUR MAMAN OU MAMIE | ORIGINAL |","['Broché 12,99€€']",None,None,https://www.amazon.fr//MON-LIVRE-RECETTES-PRESENTE-PERSONNALISER/dp/B0884L92RB/ref=sr_1_147?dchild=1&keywords=livre+robot+recettes+minceur&qid=1618535336&sr=8-147
109,50 recettes au robot cuiseur cookeo à moins de 300 calories volume 2,"['Format Kindle 2,66€€']","4,4",4,https://www.amazon.fr//recettes-robot-cuiseur-cookeo-calories-ebook/dp/B07PG2WL5J/ref=sr_1_148?dchild=1&keywords=livre+robot+recettes+minceur&qid=1618535336&sr=8-148
110,Smoothies pour les petits !,"['Broché  5,00€€']","4,5",30,https://www.amazon.fr//Smoothies-pour-petits-Irina-Pawassar/dp/2035926580/ref=sr_1_149?dchild=1&keywords=livre+robot+recettes+minceur&qid=1618535336&sr=8-149
111,"Cahier de recettes à remplir: Notez vos idées d'entrées, plats et desserts | 100 recettes à remplir | cadeau idéal à offrir pour un amateur de cuisine","['Broché 5,99€€']",None,None,https://www.amazon.fr//Cahier-recettes-remplir-dentr%C3%A9es-desserts/dp/B08TKZNBVN/ref=sr_1_150?dchild=1&keywords=livre+robot+recettes+minceur&qid=1618535336&sr=8-150
112,"Recettes Light: Parce qu’on peut manger bon et équilibré, profiter de la vie sans les calories.","['Format Kindle 4,30€€', 'Broché 9,71€€']",None,None,https://www.amazon.fr//Recettes-Light-%C3%A9quilibr%C3%A9-profiter-calories/dp/B0892HPX7P/ref=sr_1_151?dchild=1&keywords=livre+robot+recettes+minceur&qid=1618535336&sr=8-151
113,50 recettes délicieuses de smoothies,"['Format Kindle 3,88€€']","3,9",3,https://www.amazon.fr//recettes-d%C3%A9licieuses-smoothies-Lisa-Cosseaux-ebook/dp/B00LD8NJSS/ref=sr_1_152?dchild=1&keywords=livre+robot+recettes+minceur&qid=1618535336&sr=8-152
114,Cookeo : Ma cuisine au Robot cuiseur: Recettes Inratables au Quotidien Rapides et faciles,"['Broché 9,95€€']",None,None,https://www.amazon.fr//gp/slredirect/picassoRedirect.html/ref=pa_sp_btf_aps_sr_pg3_1?ie=UTF8&adId=A00242342AHRMQK5ESKB0&url=%2FCookeo-cuisine-Recettes-Inratables-Quotidien%2Fdp%2FB091WJBHKR%2Fref%3Dsr_1_153_sspa%3Fdchild%3D1%26keywords%3Dlivre%2Brobot%2Brecettes%2Bminceur%26qid%3D1618535336%26sr%3D8-153-spons%26psc%3D1&qualifier=1618535336&id=7414747903065541&widgetName=sp_btf
115,Cuisine Avec Thermomix 150 Recettes Faciles et Rapides,"['Broché 11,95€€', 'Format Kindle 5,99€€']","4,3",13,https://www.amazon.fr//gp/slredirect/picassoRedirect.html/ref=pa_sp_btf_aps_sr_pg3_1?ie=UTF8&adId=A028838222Y5EW4D6REUH&url=%2FCuisine-Thermomix-Recettes-Faciles-Rapides%2Fdp%2FB088S9NKK3%2Fref%3Dsr_1_154_sspa%3Fdchild%3D1%26keywords%3Dlivre%2Brobot%2Brecettes%2Bminceur%26qid%3D1618535336%26sr%3D8-154-spons%26psc%3D1&qualifier=1618535336&id=7414747903065541&widgetName=sp_btf
116,Carnet suivi perte de poids | Fitness Edition - 365 jours suivi simple et efficace : Suivre chaque jour l’évolution de vos objectifs minceur ou santé,"['Broché 6,93€€']","3,9",3,https://www.amazon.fr//gp/slredirect/picassoRedirect.html/ref=pa_sp_btf_aps_sr_pg3_1?ie=UTF8&adId=A02591813IXEEY9ZU3PCD&url=%2FCarnet-suivi-perte-poids-Fitness%2Fdp%2FB08HGNS644%2Fref%3Dsr_1_155_sspa%3Fdchild%3D1%26keywords%3Dlivre%2Brobot%2Brecettes%2Bminceur%26qid%3D1618535336%26sr%3D8-155-spons%26psc%3D1&qualifier=1618535336&id=7414747903065541&widgetName=sp_btf
117,Régime Alimentaire À Faible Teneur En Glucides Pour Débutants: Le Guide Ultime Du Régime À Faible Teneur En Glucides - Ce Qu'il Faut Manger Et Éviter + 50 Recettes Éprouvées Pour Perdre Du Poids,"['Broché 19,95€€', 'Format Kindle 6,95€€']","4,0",2,https://www.amazon.fr//gp/slredirect/picassoRedirect.html/ref=pa_sp_btf_aps_sr_pg3_1?ie=UTF8&adId=A104685733AO4M1KK0X8I&url=%2FR%25C3%25A9gime-Alimentaire-Faible-Glucides-D%25C3%25A9butants%2Fdp%2F1774351196%2Fref%3Dsr_1_156_sspa%3Fdchild%3D1%26keywords%3Dlivre%2Brobot%2Brecettes%2Bminceur%26qid%3D1618535336%26sr%3D8-156-spons%26psc%3D1&qualifier=1618535336&id=7414747903065541&widgetName=sp_btf
118,LA BIBLE DU FOUR: 500 Recettes incontournables Pour cuisiner au quotidien,"['Broché 12,90€€', 'Format Kindle 5,99€€']","3,0",2,https://www.amazon.fr//gp/slredirect/picassoRedirect.html/ref=pa_sp_atf_next_aps_sr_pg4_1?ie=UTF8&adId=A03089651HHFCTPYGXHLT&url=%2FBIBLE-DU-FOUR-incontournables-quotidien%2Fdp%2FB08FNJK61W%2Fref%3Dsr_1_145_sspa%3Fdchild%3D1%26keywords%3Dlivre%2Brobot%2Brecettes%2Bminceur%26qid%3D1618535337%26sr%3D8-145-spons%26psc%3D1&qualifier=1618535337&id=7606916451833514&widgetName=sp_atf_next
119,"Régime Cétogène: Le Guide Complet pour Perdre du Poids, Améliorer votre Mode de Vie Grâce à un Plan Alimentaire Comprenant des Recettes à IG Bas que vous Pourrez Combiner avec le Jeûne Intermittent","['Broché 13,61€€', 'Format Kindle 5,99€€']","4,5",15,https://www.amazon.fr//gp/slredirect/picassoRedirect.html/ref=pa_sp_atf_next_aps_sr_pg4_1?ie=UTF8&adId=A00500992K18Q98JCLTCE&url=%2FR%25C3%25A9gime-C%25C3%25A9tog%25C3%25A8ne-Alimentaire-Comprenant-Intermittent%2Fdp%2FB08DSSZFV3%2Fref%3Dsr_1_146_sspa%3Fdchild%3D1%26keywords%3Dlivre%2Brobot%2Brecettes%2Bminceur%26qid%3D1618535337%26sr%3D8-146-spons%26psc%3D1&qualifier=1618535337&id=7606916451833514&widgetName=sp_atf_next
120,Bowlfood Minceur - Mes petites recettes à index glycémiques bas,"['Broché 14,90€€']","3,7",17,https://www.amazon.fr//gp/slredirect/picassoRedirect.html/ref=pa_sp_atf_next_aps_sr_pg4_1?ie=UTF8&adId=A05498852YZLWFQYRWK03&url=%2FBowlfood-Minceur-petites-recettes-glyc%25C3%25A9miques%2Fdp%2F2359344749%2Fref%3Dsr_1_147_sspa%3Fdchild%3D1%26keywords%3Dlivre%2Brobot%2Brecettes%2Bminceur%26qid%3D1618535337%26sr%3D8-147-spons%26psc%3D1&qualifier=1618535337&id=7606916451833514&widgetName=sp_atf_next
121,Les Bienfaits des aliments lactofermentés,"['Broché 14,90€€']","4,8",8,https://www.amazon.fr//gp/slredirect/picassoRedirect.html/ref=pa_sp_atf_next_aps_sr_pg4_1?ie=UTF8&adId=A0549697G6N80QXFQFC7&url=%2FBienfaits-aliments-lactoferment%25C3%25A9s-Philippe-Chavanne%2Fdp%2F2359344730%2Fref%3Dsr_1_148_sspa%3Fdchild%3D1%26keywords%3Dlivre%2Brobot%2Brecettes%2Bminceur%26qid%3D1618535337%26sr%3D8-148-spons%26psc%3D1&qualifier=1618535337&id=7606916451833514&widgetName=sp_atf_next
122,"Cahier Mes Recettes de Soupes Poissons & Crustacés: Livre pour écrire ses recettes de potages, veloutés, gaspachos,… préférées | Carnet de 60 Fiches à ... de soupes froides et chaudes fait maison","['Broché 7,99€€']",None,None,https://www.amazon.fr//Cahier-Recettes-Soupes-Poissons-Crustac%C3%A9s/dp/B08KT5X466/ref=sr_1_149?dchild=1&keywords=livre+robot+recettes+minceur&qid=1618535337&sr=8-149
123,"Cahier Mes Recettes de Soupes Végétariennes: Livre pour écrire ses recettes de potages, veloutés, gaspachos,… préférées | Carnet de 60 Fiches à ... de soupes froides et chaudes fait maison","['Broché 7,99€€']",None,None,https://www.amazon.fr//Cahier-Mes-Recettes-Soupes-V%C3%A9g%C3%A9tariennes/dp/B08KT2BTQ2/ref=sr_1_150?dchild=1&keywords=livre+robot+recettes+minceur&qid=1618535337&sr=8-150
124,50 recettes au robot cuiseur cookeo à moins de 300 calories volume 2,"['Format Kindle 2,66€€']","4,4",4,https://www.amazon.fr//recettes-robot-cuiseur-cookeo-calories-ebook/dp/B07PG2WL5J/ref=sr_1_151?dchild=1&keywords=livre+robot+recettes+minceur&qid=1618535337&sr=8-151
125,"Mes recettes favorites - Carnet de recettes à compléter: 123 pages, 18 x 25 cm. | Cahier ligné de 60 recettes à remplir, cadeau idéal à personnaliser pour cuisiniers ou gourmands","['Broché 6,99€€']",None,None,https://www.amazon.fr//Mes-recettes-favorites-personnaliser-cuisiniers/dp/B0851M4GJS/ref=sr_1_152?dchild=1&keywords=livre+robot+recettes+minceur&qid=1618535337&sr=8-152
126,"Cahier Mes Recettes de Soupes pour mon BEBE: Livre pour écrire ses recettes de potages, veloutés, gaspachos,… préférées | Carnet de 60 Fiches à ... de soupes froides et chaudes fait maison","['Broché 7,99€€']",None,None,https://www.amazon.fr//Cahier-Recettes-Soupes-pour-BEBE/dp/B08KTP1N5Z/ref=sr_1_153?dchild=1&keywords=livre+robot+recettes+minceur&qid=1618535337&sr=8-153
127,"Cahier Mes Recettes de Soupes pour mon BEBE: Livre pour écrire ses recettes de potages, veloutés, gaspachos,… préférées | Carnet de 60 Fiches à ... de soupes froides et chaudes fait maison","['Broché 7,99€€']",None,None,https://www.amazon.fr//Cahier-Recettes-Soupes-pour-BEBE/dp/B08KTNGHNQ/ref=sr_1_154?dchild=1&keywords=livre+robot+recettes+minceur&qid=1618535337&sr=8-154
128,Bon Appétit: Livre de recettes pour sauvegarder 100 de vos recettes préférées,"['Broché 6,32€€']",None,None,https://www.amazon.fr//Bon-App%C3%A9tit-recettes-sauvegarder-pr%C3%A9f%C3%A9r%C3%A9es/dp/B08HT86XNT/ref=sr_1_155?dchild=1&keywords=livre+robot+recettes+minceur&qid=1618535337&sr=8-155
129,"Cahier de recettes à remplir: Notez vos idées d'entrées, plats et desserts | 100 recettes à remplir | cadeau idéal à offrir pour un amateur de cuisine","['Broché 5,99€€']",None,None,https://www.amazon.fr//Cahier-recettes-remplir-dentr%C3%A9es-desserts/dp/B08TLN6HRV/ref=sr_1_156?dchild=1&keywords=livre+robot+recettes+minceur&qid=1618535337&sr=8-156
130,"Recettes du bonheur: Notez vos idées d'entrées, plats et desserts | 100 recettes à remplir | cadeau idéal à offrir pour un amateur de cuisine","['Broché 5,99€€']",None,None,https://www.amazon.fr//Recettes-bonheur-dentr%C3%A9es-desserts-recettes/dp/B08TL7RKPV/ref=sr_1_157?dchild=1&keywords=livre+robot+recettes+minceur&qid=1618535337&sr=8-157
131,Simplissime 100 recettes : Objectif minceur,"['Broché 5,95€€', 'Format Kindle 4,49€€']","4,2",260,https://www.amazon.fr//Simplissime-100-recettes-Objectif-minceur/dp/2017089451/ref=sr_1_159?dchild=1&keywords=livre+robot+recettes+minceur&qid=1618535337&sr=8-159
132,"Mes recettes de petit chef - Carnet à compléter: 123 pages, 18 x 25 cm. | Cadeau idéal pour les premières recettes d'un enfant : Cahier ligné de 60 recettes à remplir et à personnaliser","['Broché 6,99€€']",None,None,https://www.amazon.fr//Mes-recettes-petit-chef-personnaliser/dp/B0851M29XX/ref=sr_1_160?dchild=1&keywords=livre+robot+recettes+minceur&qid=1618535337&sr=8-160
133,"Cahier de recettes à remplir: Notez vos idées d'entrées, plats et desserts | 100 recettes à remplir | cadeau idéal à offrir pour un amateur de cuisine","['Broché 5,99€€']",None,None,https://www.amazon.fr//Cahier-recettes-remplir-dentr%C3%A9es-desserts/dp/B08TMTZHMX/ref=sr_1_161?dchild=1&keywords=livre+robot+recettes+minceur&qid=1618535337&sr=8-161
134,"Cahier de recettes à remplir: Notez vos idées d'entrées, plats et desserts | 100 recettes à remplir | cadeau idéal à offrir pour un amateur de cuisine","['Broché 5,99€€']",None,None,https://www.amazon.fr//Cahier-recettes-remplir-dentr%C3%A9es-desserts/dp/B08TLN6HRW/ref=sr_1_162?dchild=1&keywords=livre+robot+recettes+minceur&qid=1618535337&sr=8-162
135,"Mes recettes de cuisine: Carnet à remplir pour 100 Recettes | noter les ingrédients, les cuissons, vos préparations et astuces de fabrication | 105 Pages | Grand format","['Broché 5,99€€']",None,None,https://www.amazon.fr//Mes-recettes-cuisine-ingr%C3%A9dients-pr%C3%A9parations/dp/B08TLG25K7/ref=sr_1_163?dchild=1&keywords=livre+robot+recettes+minceur&qid=1618535337&sr=8-163
136,"Cahier de recettes à remplir: Notez vos idées d'entrées, plats et desserts | 100 recettes à remplir | cadeau idéal à offrir pour un amateur de cuisine","['Broché 5,99€€']",None,None,https://www.amazon.fr//Cahier-recettes-remplir-dentr%C3%A9es-desserts/dp/B08TLFVY3H/ref=sr_1_164?dchild=1&keywords=livre+robot+recettes+minceur&qid=1618535337&sr=8-164
137,"Mes recettes de cuisine: Carnet à remplir pour 100 Recettes | noter les ingrédients, les cuissons, vos préparations et astuces de fabrication | 105 Pages | Grand format","['Broché 5,99€€']",None,None,https://www.amazon.fr//Mes-recettes-cuisine-ingr%C3%A9dients-pr%C3%A9parations/dp/B08TLCG8FB/ref=sr_1_165?dchild=1&keywords=livre+robot+recettes+minceur&qid=1618535337&sr=8-165
138,"Les Recettes du Chef - jusqu'à 100 recettes à compléter: noter les ingrédients, les cuissons, vos préparations et astuces de fabrication | 105 Pages | Grand format","['Broché 5,99€€']",None,None,https://www.amazon.fr//Recettes-Chef-ingr%C3%A9dients-pr%C3%A9parations-fabrication/dp/B08TL84JLY/ref=sr_1_166?dchild=1&keywords=livre+robot+recettes+minceur&qid=1618535337&sr=8-166
139,"Mes recettes de cuisine: Carnet à remplir pour 100 Recettes | noter les ingrédients, les cuissons, vos préparations et astuces de fabrication | 105 Pages | Grand format","['Broché 5,99€€']",None,None,https://www.amazon.fr//Mes-recettes-cuisine-ingr%C3%A9dients-pr%C3%A9parations/dp/B08TL7RKPX/ref=sr_1_167?dchild=1&keywords=livre+robot+recettes+minceur&qid=1618535337&sr=8-167
140,"Cahier de recettes à remplir: Notez vos idées d'entrées, plats et desserts | 100 recettes à remplir | cadeau idéal à offrir pour un amateur de cuisine","['Broché 5,99€€']",None,None,https://www.amazon.fr//Cahier-recettes-remplir-dentr%C3%A9es-desserts/dp/B08TL78MYX/ref=sr_1_168?dchild=1&keywords=livre+robot+recettes+minceur&qid=1618535337&sr=8-168
141,"Cahier de recettes à remplir: Notez vos idées d'entrées, plats et desserts | 100 recettes à remplir | cadeau idéal à offrir pour un amateur de cuisine","['Broché 5,99€€']",None,None,https://www.amazon.fr//Cahier-recettes-remplir-dentr%C3%A9es-desserts/dp/B08TL5W5C1/ref=sr_1_169?dchild=1&keywords=livre+robot+recettes+minceur&qid=1618535337&sr=8-169
142,"Les Recettes du Chef - 100 Recettes à remplir: noter les ingrédients, les cuissons, vos préparations et astuces de fabrication | 105 Pages | Grand format","['Broché 5,99€€']",None,None,https://www.amazon.fr//Recettes-Chef-ingr%C3%A9dients-pr%C3%A9parations-fabrication/dp/B08TL5VTDT/ref=sr_1_170?dchild=1&keywords=livre+robot+recettes+minceur&qid=1618535337&sr=8-170
143,"Recettes du bonheur: Carnet à remplir pour 100 Recettes | noter les ingrédients, les cuissons, vos préparations et astuces de fabrication | 105 Pages | Grand format","['Broché 5,99€€']",None,None,https://www.amazon.fr//Recettes-bonheur-ingr%C3%A9dients-pr%C3%A9parations-fabrication/dp/B08TL3RFX6/ref=sr_1_171?dchild=1&keywords=livre+robot+recettes+minceur&qid=1618535337&sr=8-171
144,"Mes recettes de cuisine: Carnet à remplir pour 100 Recettes | noter les ingrédients, les cuissons, vos préparations et astuces de fabrication | 105 Pages | Grand format","['Broché 5,99€€']",None,None,https://www.amazon.fr//Mes-recettes-cuisine-ingr%C3%A9dients-pr%C3%A9parations/dp/B08TKZ6XT7/ref=sr_1_172?dchild=1&keywords=livre+robot+recettes+minceur&qid=1618535337&sr=8-172
145,Boissons remèdes,"['Broché 10,50€€']","4,7",14,https://www.amazon.fr//gp/slredirect/picassoRedirect.html/ref=pa_sp_mtf_aps_sr_pg4_1?ie=UTF8&adId=A08149252LI8N3YNOX2AY&url=%2FBoissons-rem%25C3%25A8des-Anne-Mcintyre%2Fdp%2F2761948297%2Fref%3Dsr_1_173_sspa%3Fdchild%3D1%26keywords%3Dlivre%2Brobot%2Brecettes%2Bminceur%26qid%3D1618535337%26sr%3D8-173-spons%26psc%3D1&qualifier=1618535337&id=7606916451833514&widgetName=sp_mtf
146,Agenda minceur 90 jours - mon suivi alimentaire détaillé: v2-1 Cahier régime | 90 jours pour maigrir | carnet regime à compléter sur 90 jours | 21cm x ... broché | planificateur fond gris anthracite,"['Broché 7,99€€']",None,None,https://www.amazon.fr//gp/slredirect/picassoRedirect.html/ref=pa_sp_mtf_aps_sr_pg4_1?ie=UTF8&adId=A08297751Q8OW6YQJ6ONW&url=%2FAgenda-minceur-jours-alimentaire-planificateur%2Fdp%2FB08C94RKBT%2Fref%3Dsr_1_174_sspa%3Fdchild%3D1%26keywords%3Dlivre%2Brobot%2Brecettes%2Bminceur%26qid%3D1618535337%26sr%3D8-174-spons%26psc%3D1&qualifier=1618535337&id=7606916451833514&widgetName=sp_mtf
147,Mincir sainement avec le régime Okinawa: Les secrets pour vivre en forme jusqu’à 100 ans et plus - Inclus 21 recettes minceur,"['Format Kindle 4,99€€', 'Broché 8,99€€']","3,9",104,https://www.amazon.fr//gp/slredirect/picassoRedirect.html/ref=pa_sp_mtf_aps_sr_pg4_1?ie=UTF8&adId=A040933810YLKLVJPA4UE&url=%2FMincir-sainement-avec-r%25C3%25A9gime-Okinawa-ebook%2Fdp%2FB01B4MIVXU%2Fref%3Dsr_1_175_sspa%3Fdchild%3D1%26keywords%3Dlivre%2Brobot%2Brecettes%2Bminceur%26qid%3D1618535337%26sr%3D8-175-spons%26psc%3D1&qualifier=1618535337&id=7606916451833514&widgetName=sp_mtf
148,"Le Régime Cétogène: Perdez du poids efficacement avec le régime cétogène - inclus un programme de 14 jours, idéal aussi bien pour les débutants que pour les connaisseurs","['Format Kindle 3,95€€', 'Broché 7,95€€']","3,7",392,https://www.amazon.fr//gp/slredirect/picassoRedirect.html/ref=pa_sp_mtf_aps_sr_pg4_1?ie=UTF8&adId=A09823072S7BINM3N0QL3&url=%2FR%25C3%25A9gime-C%25C3%25A9tog%25C3%25A8ne-efficacement-programme-connaisseurs%2Fdp%2FB087SN2SSW%2Fref%3Dsr_1_176_sspa%3Fdchild%3D1%26keywords%3Dlivre%2Brobot%2Brecettes%2Bminceur%26qid%3D1618535337%26sr%3D8-176-spons%26psc%3D1&qualifier=1618535337&id=7606916451833514&widgetName=sp_mtf
149,"Cahier de recettes à remplir: Notez vos idées d'entrées, plats et desserts | 100 recettes à remplir | cadeau idéal à offrir pour un amateur de cuisine","['Broché 5,99€€']",None,None,https://www.amazon.fr//Cahier-recettes-remplir-dentr%C3%A9es-desserts/dp/B08TKY1BLX/ref=sr_1_177?dchild=1&keywords=livre+robot+recettes+minceur&qid=1618535337&sr=8-177
150,Smoothies pour les petits !,"['Broché  5,00€€']","4,5",30,https://www.amazon.fr//Smoothies-pour-petits-Irina-Pawassar/dp/2035926580/ref=sr_1_178?dchild=1&keywords=livre+robot+recettes+minceur&qid=1618535337&sr=8-178
151,"Mes recettes de cuisine: Carnet à remplir pour 100 Recettes | noter les ingrédients, les cuissons, vos préparations et astuces de fabrication | 105 Pages | Grand format","['Broché 5,99€€']",None,None,https://www.amazon.fr//Mes-recettes-cuisine-ingr%C3%A9dients-pr%C3%A9parations/dp/B08TN72BY1/ref=sr_1_179?dchild=1&keywords=livre+robot+recettes+minceur&qid=1618535337&sr=8-179
152,"Mes recettes de cuisine: Carnet à remplir pour 100 Recettes | noter les ingrédients, les cuissons, vos préparations et astuces de fabrication | 105 Pages | Grand format","['Broché 5,99€€']",None,None,https://www.amazon.fr//Mes-recettes-cuisine-ingr%C3%A9dients-pr%C3%A9parations/dp/B08TLN6HRN/ref=sr_1_180?dchild=1&keywords=livre+robot+recettes+minceur&qid=1618535337&sr=8-180
153,"Les Recettes du Chef - 100 Recettes à remplir: noter les ingrédients, les cuissons, vos préparations et astuces de fabrication | 105 Pages | Grand format","['Broché 5,99€€']",None,None,https://www.amazon.fr//Recettes-Chef-ingr%C3%A9dients-pr%C3%A9parations-fabrication/dp/B08TL84JLV/ref=sr_1_181?dchild=1&keywords=livre+robot+recettes+minceur&qid=1618535337&sr=8-181
154,Mes petites recettes magiques à moins de 300 calories (Mes petites recettes magiques - Poche),"['Poche 6,00€€', 'Format Kindle 4,99€€']","4,1",241,https://www.amazon.fr//petites-recettes-magiques-moins-calories-ebook/dp/B01N6E8HWA/ref=sr_1_182?dchild=1&keywords=livre+robot+recettes+minceur&qid=1618535337&sr=8-182
155,"Recettes du bonheur: Notez vos idées d'entrées, plats et desserts | 100 recettes à remplir | cadeau idéal à offrir pour un amateur de cuisine","['Broché 5,99€€']",None,None,https://www.amazon.fr//Recettes-bonheur-dentr%C3%A9es-desserts-recettes/dp/B08TKZNBVM/ref=sr_1_183?dchild=1&keywords=livre+robot+recettes+minceur&qid=1618535337&sr=8-183
156,"Cahier de recettes à remplir: Notez vos idées d'entrées, plats et desserts | 100 recettes à remplir | cadeau idéal à offrir pour un amateur de cuisine","['Broché 5,99€€']",None,None,https://www.amazon.fr//Cahier-recettes-remplir-dentr%C3%A9es-desserts/dp/B08TKZNBVN/ref=sr_1_184?dchild=1&keywords=livre+robot+recettes+minceur&qid=1618535337&sr=8-184
157,"Cahier de recettes à remplir: Notez vos idées d'entrées, plats et desserts | 100 recettes à remplir | cadeau idéal à offrir pour un amateur de cuisine","['Broché 5,99€€']",None,None,https://www.amazon.fr//Cahier-recettes-remplir-dentr%C3%A9es-desserts/dp/B08TKZ6XRS/ref=sr_1_186?dchild=1&keywords=livre+robot+recettes+minceur&qid=1618535337&sr=8-186
158,"Mes gâteaux faciles au robot pâtissier - Classiques, pâtes et crèmes, pains, tartes, brioches, grands et petits gâteaux","['Broché 7,95€€']","4,6",316,https://www.amazon.fr//Mes-g%C3%A2teaux-faciles-robot-p%C3%A2tissier/dp/2412050880/ref=sr_1_187?dchild=1&keywords=livre+robot+recettes+minceur&qid=1618535337&sr=8-187
159,La cuisine de la minceur durable,"['Poche 22,00€€', 'Format Kindle 15,40€€']","4,4",205,https://www.amazon.fr//cuisine-minceur-durable-recettes-savoureuses/dp/2360981595/ref=sr_1_188?dchild=1&keywords=livre+robot+recettes+minceur&qid=1618535337&sr=8-188
160,Robot: Les machines de demain,"['Relié 19,95€€']","4,0",5,https://www.amazon.fr//Robot-machines-demain-Collectif/dp/207512535X/ref=sr_1_189?dchild=1&keywords=livre+robot+recettes+minceur&qid=1618535337&sr=8-189
161,"Recettes du bonheur: Carnet à remplir pour 100 Recettes | noter les ingrédients, les cuissons, vos préparations et astuces de fabrication | 105 Pages | Grand format","['Broché 5,23€€']",None,None,https://www.amazon.fr//Recettes-bonheur-ingr%C3%A9dients-pr%C3%A9parations-fabrication/dp/B08TL638QK/ref=sr_1_190?dchild=1&keywords=livre+robot+recettes+minceur&qid=1618535337&sr=8-190
162,"Recettes du bonheur - jusqu'à 100 recettes à compléter: Noter les ingrédients, les cuissons, vos préparations et astuces de fabrication | 105 Pages | Grand format","['Broché 5,23€€']",None,None,https://www.amazon.fr//Recettes-bonheur-ingr%C3%A9dients-pr%C3%A9parations-fabrication/dp/B08TL638QJ/ref=sr_1_191?dchild=1&keywords=livre+robot+recettes+minceur&qid=1618535337&sr=8-191
163,"Cahier de recettes à remplir: Notez vos idées d'entrées, plats et desserts | 100 recettes à remplir | cadeau idéal à offrir pour un amateur de cuisine","['Broché 4,99€€']",None,None,https://www.amazon.fr//Cahier-recettes-remplir-dentr%C3%A9es-desserts/dp/B08TL5VTCK/ref=sr_1_192?dchild=1&keywords=livre+robot+recettes+minceur&qid=1618535337&sr=8-192
164,"Recettes du bonheur - jusqu'à 100 recettes à compléter: Noter les ingrédients, les cuissons, vos préparations et astuces de fabrication | 105 Pages | Grand format","['Broché 5,23€€']",None,None,https://www.amazon.fr//Recettes-bonheur-ingr%C3%A9dients-pr%C3%A9parations-fabrication/dp/B08TKZNBVL/ref=sr_1_193?dchild=1&keywords=livre+robot+recettes+minceur&qid=1618535337&sr=8-193
165,"Recettes du bonheur: Notez vos idées d'entrées, plats et desserts | 100 recettes à remplir | cadeau idéal à offrir pour un amateur de cuisine","['Broché 5,23€€']",None,None,https://www.amazon.fr//Recettes-bonheur-dentr%C3%A9es-desserts-recettes/dp/B08TKZ6XRQ/ref=sr_1_194?dchild=1&keywords=livre+robot+recettes+minceur&qid=1618535337&sr=8-194
166,"Mes recettes de cuisine: Carnet à remplir pour 100 Recettes | noter les ingrédients, les cuissons, vos préparations et astuces de fabrication | 105 Pages | Grand format","['Broché 5,23€€']",None,None,https://www.amazon.fr//Mes-recettes-cuisine-ingr%C3%A9dients-pr%C3%A9parations/dp/B08TN72B8J/ref=sr_1_195?dchild=1&keywords=livre+robot+recettes+minceur&qid=1618535337&sr=8-195
167,"Mes recettes de cuisine: Carnet à remplir pour 100 Recettes | noter les ingrédients, les cuissons, vos préparations et astuces de fabrication | 105 Pages | Grand format","['Broché 5,23€€']",None,None,https://www.amazon.fr//Mes-recettes-cuisine-ingr%C3%A9dients-pr%C3%A9parations/dp/B08TN71QR3/ref=sr_1_196?dchild=1&keywords=livre+robot+recettes+minceur&qid=1618535337&sr=8-196
168,"Recettes du bonheur - jusqu'à 100 recettes à compléter: Noter les ingrédients, les cuissons, vos préparations et astuces de fabrication | 105 Pages | Grand format","['Broché 4,99€€']",None,None,https://www.amazon.fr//Recettes-bonheur-ingr%C3%A9dients-pr%C3%A9parations-fabrication/dp/B08TLKW1D6/ref=sr_1_197?dchild=1&keywords=livre+robot+recettes+minceur&qid=1618535337&sr=8-197
169,"Mes recettes de cuisine: Carnet à remplir pour 100 Recettes | noter les ingrédients, les cuissons, vos préparations et astuces de fabrication | 105 Pages | Grand format","['Broché 4,99€€']",None,None,https://www.amazon.fr//Mes-recettes-cuisine-ingr%C3%A9dients-pr%C3%A9parations/dp/B08TL5VT8V/ref=sr_1_198?dchild=1&keywords=livre+robot+recettes+minceur&qid=1618535337&sr=8-198
170,Smoothies,"['Relié 5,23€€']","4,5",20,https://www.amazon.fr//Smoothies-Irina-Pawassar/dp/2035926467/ref=sr_1_199?dchild=1&keywords=livre+robot+recettes+minceur&qid=1618535337&sr=8-199
171,MON AGENDA RECETTES DE SUSHIS: Carnet de recettes de sushis: Carnet de 100 pages de recettes de sushis à compléter grâce à ses pages prés-remplies - ... créer vos recettes et pour offrir en cadeau.,"['Broché 5,99€€']",None,None,https://www.amazon.fr//MON-AGENDA-RECETTES-SUSHIS-pr%C3%A9s-remplies/dp/B08MHPYQ76/ref=sr_1_200?dchild=1&keywords=livre+robot+recettes+minceur&qid=1618535337&sr=8-200
172,Cookeo : Ma cuisine au Robot cuiseur: Recettes Inratables au Quotidien Rapides et faciles,"['Broché 9,95€€']",None,None,https://www.amazon.fr//gp/slredirect/picassoRedirect.html/ref=pa_sp_btf_aps_sr_pg4_1?ie=UTF8&adId=A00242342AHRMQK5ESKB0&url=%2FCookeo-cuisine-Recettes-Inratables-Quotidien%2Fdp%2FB091WJBHKR%2Fref%3Dsr_1_201_sspa%3Fdchild%3D1%26keywords%3Dlivre%2Brobot%2Brecettes%2Bminceur%26qid%3D1618535337%26sr%3D8-201-spons%26psc%3D1&qualifier=1618535337&id=7606916451833514&widgetName=sp_btf
173,Cuisine Avec Thermomix 150 Recettes Faciles et Rapides,"['Broché 11,95€€', 'Format Kindle 5,99€€']","4,3",13,https://www.amazon.fr//gp/slredirect/picassoRedirect.html/ref=pa_sp_btf_aps_sr_pg4_1?ie=UTF8&adId=A028838222Y5EW4D6REUH&url=%2FCuisine-Thermomix-Recettes-Faciles-Rapides%2Fdp%2FB088S9NKK3%2Fref%3Dsr_1_202_sspa%3Fdchild%3D1%26keywords%3Dlivre%2Brobot%2Brecettes%2Bminceur%26qid%3D1618535337%26sr%3D8-202-spons%26psc%3D1&qualifier=1618535337&id=7606916451833514&widgetName=sp_btf
174,Carnet suivi perte de poids | Fitness Edition - 365 jours suivi simple et efficace : Suivre chaque jour l’évolution de vos objectifs minceur ou santé,"['Broché 6,93€€']","3,9",3,https://www.amazon.fr//gp/slredirect/picassoRedirect.html/ref=pa_sp_btf_aps_sr_pg4_1?ie=UTF8&adId=A02591813IXEEY9ZU3PCD&url=%2FCarnet-suivi-perte-poids-Fitness%2Fdp%2FB08HGNS644%2Fref%3Dsr_1_203_sspa%3Fdchild%3D1%26keywords%3Dlivre%2Brobot%2Brecettes%2Bminceur%26qid%3D1618535337%26sr%3D8-203-spons%26psc%3D1&qualifier=1618535337&id=7606916451833514&widgetName=sp_btf
175,Régime Alimentaire À Faible Teneur En Glucides Pour Débutants: Le Guide Ultime Du Régime À Faible Teneur En Glucides - Ce Qu'il Faut Manger Et Éviter + 50 Recettes Éprouvées Pour Perdre Du Poids,"['Broché 19,95€€', 'Format Kindle 6,95€€']","4,0",2,https://www.amazon.fr//gp/slredirect/picassoRedirect.html/ref=pa_sp_btf_aps_sr_pg4_1?ie=UTF8&adId=A104685733AO4M1KK0X8I&url=%2FR%25C3%25A9gime-Alimentaire-Faible-Glucides-D%25C3%25A9butants%2Fdp%2F1774351196%2Fref%3Dsr_1_204_sspa%3Fdchild%3D1%26keywords%3Dlivre%2Brobot%2Brecettes%2Bminceur%26qid%3D1618535337%26sr%3D8-204-spons%26psc%3D1&qualifier=1618535337&id=7606916451833514&widgetName=sp_btf
176,LA BIBLE DU FOUR: 500 Recettes incontournables Pour cuisiner au quotidien,"['Broché 12,90€€', 'Format Kindle 5,99€€']","3,0",2,https://www.amazon.fr//gp/slredirect/picassoRedirect.html/ref=pa_sp_atf_next_aps_sr_pg5_1?ie=UTF8&adId=A03089651HHFCTPYGXHLT&url=%2FBIBLE-DU-FOUR-incontournables-quotidien%2Fdp%2FB08FNJK61W%2Fref%3Dsr_1_193_sspa%3Fdchild%3D1%26keywords%3Dlivre%2Brobot%2Brecettes%2Bminceur%26qid%3D1618535338%26sr%3D8-193-spons%26psc%3D1&qualifier=1618535338&id=7779401338849438&widgetName=sp_atf_next
177,"Régime Cétogène: Le Guide Complet pour Perdre du Poids, Améliorer votre Mode de Vie Grâce à un Plan Alimentaire Comprenant des Recettes à IG Bas que vous Pourrez Combiner avec le Jeûne Intermittent","['Broché 13,61€€', 'Format Kindle 5,99€€']","4,5",15,https://www.amazon.fr//gp/slredirect/picassoRedirect.html/ref=pa_sp_atf_next_aps_sr_pg5_1?ie=UTF8&adId=A00500992K18Q98JCLTCE&url=%2FR%25C3%25A9gime-C%25C3%25A9tog%25C3%25A8ne-Alimentaire-Comprenant-Intermittent%2Fdp%2FB08DSSZFV3%2Fref%3Dsr_1_194_sspa%3Fdchild%3D1%26keywords%3Dlivre%2Brobot%2Brecettes%2Bminceur%26qid%3D1618535338%26sr%3D8-194-spons%26psc%3D1&qualifier=1618535338&id=7779401338849438&widgetName=sp_atf_next
178,Bowlfood Minceur - Mes petites recettes à index glycémiques bas,"['Broché 14,90€€']","3,7",17,https://www.amazon.fr//gp/slredirect/picassoRedirect.html/ref=pa_sp_atf_next_aps_sr_pg5_1?ie=UTF8&adId=A05498852YZLWFQYRWK03&url=%2FBowlfood-Minceur-petites-recettes-glyc%25C3%25A9miques%2Fdp%2F2359344749%2Fref%3Dsr_1_195_sspa%3Fdchild%3D1%26keywords%3Dlivre%2Brobot%2Brecettes%2Bminceur%26qid%3D1618535338%26sr%3D8-195-spons%26psc%3D1&qualifier=1618535338&id=7779401338849438&widgetName=sp_atf_next
179,Les Bienfaits des aliments lactofermentés,"['Broché 14,90€€']","4,8",8,https://www.amazon.fr//gp/slredirect/picassoRedirect.html/ref=pa_sp_atf_next_aps_sr_pg5_1?ie=UTF8&adId=A0549697G6N80QXFQFC7&url=%2FBienfaits-aliments-lactoferment%25C3%25A9s-Philippe-Chavanne%2Fdp%2F2359344730%2Fref%3Dsr_1_196_sspa%3Fdchild%3D1%26keywords%3Dlivre%2Brobot%2Brecettes%2Bminceur%26qid%3D1618535338%26sr%3D8-196-spons%26psc%3D1&qualifier=1618535338&id=7779401338849438&widgetName=sp_atf_next
180,"Mes recettes de cuisine: Carnet à remplir pour 100 Recettes | noter les ingrédients, les cuissons, vos préparations et astuces de fabrication | 105 Pages | Grand format","['Broché 4,99€€']",None,None,https://www.amazon.fr//Mes-recettes-cuisine-ingr%C3%A9dients-pr%C3%A9parations/dp/B08TL5VT8V/ref=sr_1_197?dchild=1&keywords=livre+robot+recettes+minceur&qid=1618535338&sr=8-197
181,Smoothies,"['Relié 5,23€€']","4,5",20,https://www.amazon.fr//Smoothies-Irina-Pawassar/dp/2035926467/ref=sr_1_198?dchild=1&keywords=livre+robot+recettes+minceur&qid=1618535338&sr=8-198
182,Petit livre de - Minceur express en 140 recettes (LE PETIT LIVRE),"['Format Kindle 1,99€€', 'Broché 6,91€€']","4,2",64,https://www.amazon.fr//Petit-livre-Minceur-express-recettes-ebook/dp/B00I95H5KG/ref=sr_1_199?dchild=1&keywords=livre+robot+recettes+minceur&qid=1618535338&sr=8-199
183,MON AGENDA RECETTES DE SUSHIS: Carnet de recettes de sushis: Carnet de 100 pages de recettes de sushis à compléter grâce à ses pages prés-remplies - ... créer vos recettes et pour offrir en cadeau.,"['Broché 5,99€€']",None,None,https://www.amazon.fr//MON-AGENDA-RECETTES-SUSHIS-pr%C3%A9s-remplies/dp/B08MHPYQ76/ref=sr_1_200?dchild=1&keywords=livre+robot+recettes+minceur&qid=1618535338&sr=8-200
184,"Mes recettes végétales - Carnet à compléter: 123 pages, 18 x 25 cm. | Cahier ligné de 60 recettes à remplir, cadeau idéal à personnaliser pour végétariens ou végans","['Broché 6,99€€']",None,None,https://www.amazon.fr//Mes-recettes-v%C3%A9g%C3%A9tales-personnaliser-v%C3%A9g%C3%A9tariens/dp/B0851M11SW/ref=sr_1_201?dchild=1&keywords=livre+robot+recettes+minceur&qid=1618535338&sr=8-201
185,Pains et Viennoiseries: Nouvelle édition,"['Format Kindle 7,99€€', 'Broché 9,95€€']","4,5",80,https://www.amazon.fr//Pains-Viennoiseries-Nouvelle-Eva-Harl%C3%A9/dp/2016279656/ref=sr_1_203?dchild=1&keywords=livre+robot+recettes+minceur&qid=1618535338&sr=8-203
186,C'est décidé je batch cook,"['Broché 12,90€€']","4,5",381,https://www.amazon.fr//Cest-d%C3%A9cid%C3%A9-je-batch-cook/dp/2035973961/ref=sr_1_204?dchild=1&keywords=livre+robot+recettes+minceur&qid=1618535338&sr=8-204
187,"Smoothies santé minceur - 50 recettes de smoothies simples, sains et savoureux: Simplifiez-vous la vie et préservez votre santé en consommant chaque jour de délicieux fruits et légumes frais","['Format Kindle 4,05€€']","4,1",40,https://www.amazon.fr//Smoothies-sant%C3%A9-minceur-Simplifiez-vous-consommant-ebook/dp/B00LISNJXI/ref=sr_1_205?dchild=1&keywords=livre+robot+recettes+minceur&qid=1618535338&sr=8-205
188,Mon cahier de recettes pour un rééquilibrage alimentaire réussi,"['Broché 9,90€€', 'Format Kindle 5,99€€']","4,2",290,https://www.amazon.fr//cahier-recettes-r%C3%A9%C3%A9quilibrage-alimentaire-r%C3%A9ussi/dp/2263160868/ref=sr_1_206?dchild=1&keywords=livre+robot+recettes+minceur&qid=1618535338&sr=8-206
189,"Chers bourrelets, notre histoire d'amour s'arrête aujourd'hui: Agenda Minceur 90 jours | Carnet alimentaire à compléter | Objectif poids, ... une idée, un conseil ou une phrase motivation","['Broché 6,99€€']","5,0",2,https://www.amazon.fr//bourrelets-histoire-damour-sarr%C3%AAte-aujourdhui/dp/B08KGT7FWD/ref=sr_1_207?dchild=1&keywords=livre+robot+recettes+minceur&qid=1618535338&sr=8-207
190,Les robots,"['Broché 7,95€€']","4,8",41,https://www.amazon.fr//robots-Cathy-Franco/dp/2215142715/ref=sr_1_208?dchild=1&keywords=livre+robot+recettes+minceur&qid=1618535338&sr=8-208
191,Recettes au Cookeo - Tous en cuisine !,"['Broché  4,99€€']","4,5",113,https://www.amazon.fr//Recettes-Cookeo-Tous-cuisine-COLLECTIF/dp/2263160027/ref=sr_1_209?dchild=1&keywords=livre+robot+recettes+minceur&qid=1618535338&sr=8-209
192,"Mon Agenda Minceur 90 jours: Carnet alimentaire à compléter | Objectif de perte de poids, Planificateur de repas, Mensurations, Activité physique, ... une idée, un conseil ou une phrase motivante","['Broché 6,99€€']",None,None,https://www.amazon.fr//Mon-Agenda-Minceur-jours-Planificateur/dp/B08KH3VK8S/ref=sr_1_210?dchild=1&keywords=livre+robot+recettes+minceur&qid=1618535338&sr=8-210
193,Le grand livre de la cuisine saine et facile,"['Broché 15,90€€']","4,4",18,https://www.amazon.fr//grand-livre-cuisine-saine-facile/dp/B07Y9934NT/ref=sr_1_211?dchild=1&keywords=livre+robot+recettes+minceur&qid=1618535338&sr=8-211
194,Mon Cahier De Recettes à Remplir: Livre de Recette a Remplir avec un Sommaire Carnet de Cuisine Pour 100 Recette,"['Broché 5,98€€']",None,None,https://www.amazon.fr//Mon-Cahier-Recettes-Remplir-Sommaire/dp/B084DGPMQM/ref=sr_1_212?dchild=1&keywords=livre+robot+recettes+minceur&qid=1618535338&sr=8-212
195,Les savoir-faire de la cuisine végétarienne,"['Relié 19,39€€']","4,5",27,https://www.amazon.fr//savoir-faire-cuisine-v%C3%A9g%C3%A9tarienne-Clemence-Catz/dp/2842213319/ref=sr_1_213?dchild=1&keywords=livre+robot+recettes+minceur&qid=1618535338&sr=8-213
196,"Chers bourrelets, notre histoire d'amour s'arrête ici: Agenda Minceur 90 jours | Carnet alimentaire à compléter | Objectif poids, Planificateur de ... idée, un conseil ou une phrase de motivation","['Broché 6,99€€']",None,None,https://www.amazon.fr//Chers-bourrelets-histoire-damour-sarr%C3%AAte/dp/B08KH2K962/ref=sr_1_214?dchild=1&keywords=livre+robot+recettes+minceur&qid=1618535338&sr=8-214
197,On fait quoi pour le dîner ? Light,"['Broché  49,41€€']","4,2",75,https://www.amazon.fr//fait-quoi-pour-d%C3%AEner-Light/dp/2377612431/ref=sr_1_215?dchild=1&keywords=livre+robot+recettes+minceur&qid=1618535338&sr=8-215
198,"#Mange Moins Mieux: Agenda Minceur 90 jours | Carnet alimentaire à compléter | Objectif de perte de poids, Planificateur de repas, Mensurations, ... une idée, un conseil ou une phrase motivante","['Broché 6,99€€']",None,None,https://www.amazon.fr//Mange-Moins-Mieux-Planificateur-Mensurations/dp/B08KH3R2NW/ref=sr_1_216?dchild=1&keywords=livre+robot+recettes+minceur&qid=1618535338&sr=8-216
199,Mon Cahier De Recettes à Remplir: Livre de Recette a Remplir avec un Sommaire Carnet de Cuisine Pour 100 Recette,"['Broché 5,98€€']",None,None,https://www.amazon.fr//Mon-Cahier-Recettes-Remplir-Sommaire/dp/B084DGWMB3/ref=sr_1_217?dchild=1&keywords=livre+robot+recettes+minceur&qid=1618535338&sr=8-217
200,500 Jus & smoothies,"['Broché 6,92€€', 'Relié 6,76€€']","4,3",83,https://www.amazon.fr//500-Jus-smoothies-Christine-Watson/dp/2830710991/ref=sr_1_218?dchild=1&keywords=livre+robot+recettes+minceur&qid=1618535338&sr=8-218
201,Marmiton Top Robot Cuiseur,"['Poche  15,90€€']","4,6",220,https://www.amazon.fr//Marmiton-Top-Robot-Cuiseur/dp/2809667314/ref=sr_1_219?dchild=1&keywords=livre+robot+recettes+minceur&qid=1618535338&sr=8-219
202,Les robots,"['Broché 2,09€€']","4,3",6,https://www.amazon.fr//robots-Claudine-Masson/dp/2740430337/ref=sr_1_220?dchild=1&keywords=livre+robot+recettes+minceur&qid=1618535338&sr=8-220
203,Boissons remèdes,"['Broché 10,50€€']","4,7",14,https://www.amazon.fr//gp/slredirect/picassoRedirect.html/ref=pa_sp_mtf_aps_sr_pg5_1?ie=UTF8&adId=A08149252LI8N3YNOX2AY&url=%2FBoissons-rem%25C3%25A8des-Anne-Mcintyre%2Fdp%2F2761948297%2Fref%3Dsr_1_221_sspa%3Fdchild%3D1%26keywords%3Dlivre%2Brobot%2Brecettes%2Bminceur%26qid%3D1618535338%26sr%3D8-221-spons%26psc%3D1&qualifier=1618535338&id=7779401338849438&widgetName=sp_mtf
204,Agenda minceur 90 jours - mon suivi alimentaire détaillé: v2-1 Cahier régime | 90 jours pour maigrir | carnet regime à compléter sur 90 jours | 21cm x ... broché | planificateur fond gris anthracite,"['Broché 7,99€€']",None,None,https://www.amazon.fr//gp/slredirect/picassoRedirect.html/ref=pa_sp_mtf_aps_sr_pg5_1?ie=UTF8&adId=A08297751Q8OW6YQJ6ONW&url=%2FAgenda-minceur-jours-alimentaire-planificateur%2Fdp%2FB08C94RKBT%2Fref%3Dsr_1_222_sspa%3Fdchild%3D1%26keywords%3Dlivre%2Brobot%2Brecettes%2Bminceur%26qid%3D1618535338%26sr%3D8-222-spons%26psc%3D1&qualifier=1618535338&id=7779401338849438&widgetName=sp_mtf
205,Mincir sainement avec le régime Okinawa: Les secrets pour vivre en forme jusqu’à 100 ans et plus - Inclus 21 recettes minceur,"['Format Kindle 4,99€€', 'Broché 8,99€€']","3,9",104,https://www.amazon.fr//gp/slredirect/picassoRedirect.html/ref=pa_sp_mtf_aps_sr_pg5_1?ie=UTF8&adId=A040933810YLKLVJPA4UE&url=%2FMincir-sainement-avec-r%25C3%25A9gime-Okinawa-ebook%2Fdp%2FB01B4MIVXU%2Fref%3Dsr_1_223_sspa%3Fdchild%3D1%26keywords%3Dlivre%2Brobot%2Brecettes%2Bminceur%26qid%3D1618535338%26sr%3D8-223-spons%26psc%3D1&qualifier=1618535338&id=7779401338849438&widgetName=sp_mtf
206,Les robots et l'IA (ancien Robots) - abandon,"['Format Kindle 5,99€€', 'Relié 8,90€€']","4,8",13,https://www.amazon.fr//robots-Myriam-Martelle/dp/2745984845/ref=sr_1_224?dchild=1&keywords=livre+robot+recettes+minceur&qid=1618535338&sr=8-224
207,"BATCH: Planificateur de menus batch cooking facile , avec fiches de conservation et plans d'action à compléter | (19,09 x 23,3 cm)110 pages | Outil idéal pour une bonne organisation en batch cooking","['Broché 5,99€€']",None,None,https://www.amazon.fr//BATCH-Planificateur-conservation-compl%C3%A9ter-organisation/dp/B08N5TNWXQ/ref=sr_1_225?dchild=1&keywords=livre+robot+recettes+minceur&qid=1618535338&sr=8-225
208,Calendrier 365 recettes légères Marmiton - L'Année à Bloc,"['Broché 11,90€€']","4,2",30,https://www.amazon.fr//Ann%C3%A9e-Bloc-recettes-l%C3%A9g%C3%A8res-Marmiton/dp/2809658048/ref=sr_1_226?dchild=1&keywords=livre+robot+recettes+minceur&qid=1618535338&sr=8-226
209,Mon Cahier De Recettes à Remplir: Livre de Recette a Remplir avec un Sommaire Carnet de Cuisine Pour 100 Recette,"['Broché 5,98€€']","3,0",2,https://www.amazon.fr//Mon-Cahier-Recettes-Remplir-Sommaire/dp/B084DGX2CP/ref=sr_1_227?dchild=1&keywords=livre+robot+recettes+minceur&qid=1618535338&sr=8-227
210,"BATCH COOKING, le planificateur: Organisateur de menus batch cooking, avec fiches de conservation et plans d'action à compléter | (19,09 x 23,3 cm)110 ... pour une bonne organisation en batch cooking","['Broché 5,99€€']",None,None,https://www.amazon.fr//BATCH-COOKING-planificateur-Organisateur-conservation/dp/B08N3JG2GF/ref=sr_1_228?dchild=1&keywords=livre+robot+recettes+minceur&qid=1618535338&sr=8-228
211,Les robots,"['Broché 4,90€€', 'Format Kindle 4,99€€', 'Relié 7,60€€']","4,6",77,https://www.amazon.fr//robots-St%C3%A9phanie-Ledu/dp/2745948040/ref=sr_1_229?dchild=1&keywords=livre+robot+recettes+minceur&qid=1618535338&sr=8-229
212,"Mon planificateur de menus: Pour organiser, suivre et planifier ses repas hebdomadaire sur 54 semaines | Liste de courses | Agenda de suivi et de ... Tomates | Cadeau pour cuisinier, cuisinière","['Broché 6,99€€']",None,None,https://www.amazon.fr//Mon-planificateur-menus-hebdomadaire-cuisini%C3%A8re/dp/B08KHGDYLS/ref=sr_1_230?dchild=1&keywords=livre+robot+recettes+minceur&qid=1618535338&sr=8-230
213,"Mon planificateur de menus: Pour organiser, suivre et planifier ses repas hebdomadaire sur 54 semaines | Liste de courses | Agenda de suivi et de ... Pommes | Cadeau pour cuisinier, cuisinière","['Broché 6,99€€']",None,None,https://www.amazon.fr//Mon-planificateur-menus-hebdomadaire-cuisini%C3%A8re/dp/B08KH6T4VR/ref=sr_1_231?dchild=1&keywords=livre+robot+recettes+minceur&qid=1618535338&sr=8-231
214,"Mon planificateur de menus: Pour organiser, suivre et planifier ses repas hebdomadaire sur 54 semaines | Liste de courses | Agenda de suivi et de ... Légumes | Cadeau pour cuisinier, cuisinière","['Broché 6,99€€']",None,None,https://www.amazon.fr//Mon-planificateur-menus-hebdomadaire-cuisini%C3%A8re/dp/B08KHBTLHH/ref=sr_1_232?dchild=1&keywords=livre+robot+recettes+minceur&qid=1618535338&sr=8-232
215,100 Recettes à dévorer - Cuisine minceur pour les gourmands,"['Broché 4,99€€']","4,0",200,https://www.amazon.fr//100-Recettes-d%C3%A9vorer-Cuisine-gourmands/dp/2263067752/ref=sr_1_233?dchild=1&keywords=livre+robot+recettes+minceur&qid=1618535338&sr=8-233
216,Bible des aliments santé-minceur (Ma),"['Poche 29,88€€']","3,8",5,https://www.amazon.fr//Bible-aliments-sant%C3%A9-minceur-Dufour-Anne/dp/B00LWUOB34/ref=sr_1_235?dchild=1&keywords=livre+robot+recettes+minceur&qid=1618535338&sr=8-235
217,Petits plats super digestes - superfacile,"['Broché 6,95€€', 'Format Kindle 4,49€€']","4,5",9,https://www.amazon.fr//Petits-plats-super-digestes-superfacile/dp/226314644X/ref=sr_1_236?dchild=1&keywords=livre+robot+recettes+minceur&qid=1618535338&sr=8-236
218,On fait quoi pour le dîner Spécial recettes légères Mémoniak 2019,['Broché —€€'],"4,3",64,https://www.amazon.fr//d%C3%AEner-Sp%C3%A9cial-recettes-l%C3%A9g%C3%A8res-M%C3%A9moniak/dp/2377610595/ref=sr_1_237?dchild=1&keywords=livre+robot+recettes+minceur&qid=1618535338&sr=8-237
219,Mon Carnet de Recettes: Cahier De Recettes à Remplir avec un Sommaire Livre de Cuisine Pour 100 Recette,"['Broché 5,98€€']",None,None,https://www.amazon.fr//Mon-Carnet-Recettes-Remplir-Sommaire/dp/B084DG2JLH/ref=sr_1_238?dchild=1&keywords=livre+robot+recettes+minceur&qid=1618535338&sr=8-238
220,Cahier De Recettes à Remplir: Mon Livre de Recette a Remplir avec un Sommaire Carnet de Cuisine Pour 100 Recette,"['Broché 5,98€€']",None,None,https://www.amazon.fr//Cahier-Recettes-Remplir-Recette-Sommaire/dp/B084DHDLYT/ref=sr_1_239?dchild=1&keywords=livre+robot+recettes+minceur&qid=1618535338&sr=8-239
221,Cahier De Recettes à Remplir: Mon Livre de Recette a Remplir avec un Sommaire Carnet de Cuisine Pour 100 Recette,"['Broché 5,98€€']",None,None,https://www.amazon.fr//Cahier-Recettes-Remplir-Recette-Sommaire/dp/B084DGVC15/ref=sr_1_240?dchild=1&keywords=livre+robot+recettes+minceur&qid=1618535338&sr=8-240
222,Cahier De Recettes à Remplir: Livre de Recette a Remplir avec un Sommaire Carnet de Cuisine Pour 100 Recette,"['Broché 5,98€€']",None,None,https://www.amazon.fr//Cahier-Recettes-Remplir-Recette-Sommaire/dp/B084DGVBYW/ref=sr_1_241?dchild=1&keywords=livre+robot+recettes+minceur&qid=1618535338&sr=8-241
223,Cahier De Recettes à Remplir: Mon Livre de Recette a Remplir avec un Sommaire Carnet de Cuisine Pour 100 Recette,"['Broché 4,98€€']",None,None,https://www.amazon.fr//Cahier-Recettes-Remplir-Recette-Sommaire/dp/B084DHCZYY/ref=sr_1_242?dchild=1&keywords=livre+robot+recettes+minceur&qid=1618535338&sr=8-242
224,BATCH COOKING: Planificateur de 12 Semaines de Menus & Listes de Courses à Découper | Cahier à Remplir pour Organiser les Repas Fait Maison en Famille ou Solo | Cuisine Petit Budget,"['Broché 6,90€€']",None,None,https://www.amazon.fr//BATCH-COOKING-Planificateur-Semaines-Organiser/dp/B08CJJRQ2K/ref=sr_1_243?dchild=1&keywords=livre+robot+recettes+minceur&qid=1618535338&sr=8-243
225,Mes petites recettes magiques antifringales et antikilos,"['Format Kindle 4,99€€', 'Poche  19,00€€']","4,1",100,https://www.amazon.fr//petites-recettes-magiques-antifringales-antikilos/dp/B01N2R6U79/ref=sr_1_244?dchild=1&keywords=livre+robot+recettes+minceur&qid=1618535338&sr=8-244
226,Recettes minceur aux protéines,"['Format Kindle 3,99€€', 'Relié 7,99€€']","4,2",13,https://www.amazon.fr//Recettes-minceur-prot%C3%A9ines-Corinne-Jausserand/dp/2035859360/ref=sr_1_245?dchild=1&keywords=livre+robot+recettes+minceur&qid=1618535338&sr=8-245
227,Les recettes minceur de la coach des stars,"['Broché 15,55€€']","3,8",38,https://www.amazon.fr//recettes-minceur-coach-stars/dp/0615137520/ref=sr_1_246?dchild=1&keywords=livre+robot+recettes+minceur&qid=1618535338&sr=8-246
228,Cuisine légère NE - 1001 recettes,"['Relié 9,95€€']","3,9",37,https://www.amazon.fr//Cuisine-l%C3%A9g%C3%A8re-NE-1001-recettes/dp/2263149252/ref=sr_1_247?dchild=1&keywords=livre+robot+recettes+minceur&qid=1618535338&sr=8-247
229,"Le Régime Cétogène: Perdez du poids efficacement avec le régime cétogène - inclus un programme de 14 jours, idéal aussi bien pour les débutants que pour les connaisseurs","['Format Kindle 3,95€€', 'Broché 7,95€€']","3,7",392,https://www.amazon.fr//gp/slredirect/picassoRedirect.html/ref=pa_sp_btf_aps_sr_pg5_1?ie=UTF8&adId=A09823072S7BINM3N0QL3&url=%2FR%25C3%25A9gime-C%25C3%25A9tog%25C3%25A8ne-efficacement-programme-connaisseurs%2Fdp%2FB087SN2SSW%2Fref%3Dsr_1_248_sspa%3Fdchild%3D1%26keywords%3Dlivre%2Brobot%2Brecettes%2Bminceur%26qid%3D1618535338%26sr%3D8-248-spons%26psc%3D1&qualifier=1618535338&id=7779401338849438&widgetName=sp_btf
230,Cookeo : Ma cuisine au Robot cuiseur: Recettes Inratables au Quotidien Rapides et faciles,"['Broché 9,95€€']",None,None,https://www.amazon.fr//gp/slredirect/picassoRedirect.html/ref=pa_sp_btf_aps_sr_pg5_1?ie=UTF8&adId=A00242342AHRMQK5ESKB0&url=%2FCookeo-cuisine-Recettes-Inratables-Quotidien%2Fdp%2FB091WJBHKR%2Fref%3Dsr_1_249_sspa%3Fdchild%3D1%26keywords%3Dlivre%2Brobot%2Brecettes%2Bminceur%26qid%3D1618535338%26sr%3D8-249-spons%26psc%3D1&qualifier=1618535338&id=7779401338849438&widgetName=sp_btf
231,LA BIBLE DU FOUR: 500 Recettes incontournables Pour cuisiner au quotidien,"['Broché 12,90€€', 'Format Kindle 5,99€€']","3,0",2,https://www.amazon.fr//gp/slredirect/picassoRedirect.html/ref=pa_sp_atf_next_aps_sr_pg6_1?ie=UTF8&adId=A03089651HHFCTPYGXHLT&url=%2FBIBLE-DU-FOUR-incontournables-quotidien%2Fdp%2FB08FNJK61W%2Fref%3Dsr_1_241_sspa%3Fdchild%3D1%26keywords%3Dlivre%2Brobot%2Brecettes%2Bminceur%26qid%3D1618535340%26sr%3D8-241-spons%26psc%3D1&qualifier=1618535340&id=2528079700349319&widgetName=sp_atf_next
232,"Régime Cétogène: Le Guide Complet pour Perdre du Poids, Améliorer votre Mode de Vie Grâce à un Plan Alimentaire Comprenant des Recettes à IG Bas que vous Pourrez Combiner avec le Jeûne Intermittent","['Broché 13,61€€', 'Format Kindle 5,99€€']","4,5",15,https://www.amazon.fr//gp/slredirect/picassoRedirect.html/ref=pa_sp_atf_next_aps_sr_pg6_1?ie=UTF8&adId=A00500992K18Q98JCLTCE&url=%2FR%25C3%25A9gime-C%25C3%25A9tog%25C3%25A8ne-Alimentaire-Comprenant-Intermittent%2Fdp%2FB08DSSZFV3%2Fref%3Dsr_1_242_sspa%3Fdchild%3D1%26keywords%3Dlivre%2Brobot%2Brecettes%2Bminceur%26qid%3D1618535340%26sr%3D8-242-spons%26psc%3D1&qualifier=1618535340&id=2528079700349319&widgetName=sp_atf_next
233,Bowlfood Minceur - Mes petites recettes à index glycémiques bas,"['Broché 14,90€€']","3,7",17,https://www.amazon.fr//gp/slredirect/picassoRedirect.html/ref=pa_sp_atf_next_aps_sr_pg6_1?ie=UTF8&adId=A05498852YZLWFQYRWK03&url=%2FBowlfood-Minceur-petites-recettes-glyc%25C3%25A9miques%2Fdp%2F2359344749%2Fref%3Dsr_1_243_sspa%3Fdchild%3D1%26keywords%3Dlivre%2Brobot%2Brecettes%2Bminceur%26qid%3D1618535340%26sr%3D8-243-spons%26psc%3D1&qualifier=1618535340&id=2528079700349319&widgetName=sp_atf_next
234,Les Bienfaits des aliments lactofermentés,"['Broché 14,90€€']","4,8",8,https://www.amazon.fr//gp/slredirect/picassoRedirect.html/ref=pa_sp_atf_next_aps_sr_pg6_1?ie=UTF8&adId=A0549697G6N80QXFQFC7&url=%2FBienfaits-aliments-lactoferment%25C3%25A9s-Philippe-Chavanne%2Fdp%2F2359344730%2Fref%3Dsr_1_244_sspa%3Fdchild%3D1%26keywords%3Dlivre%2Brobot%2Brecettes%2Bminceur%26qid%3D1618535340%26sr%3D8-244-spons%26psc%3D1&qualifier=1618535340&id=2528079700349319&widgetName=sp_atf_next
235,Les Recettes de Papa: Livre de Cuisine personnalisable pour vos recettes de famille - 100 recettes,['Broché —€€'],None,None,https://www.amazon.fr//Recettes-Papa-Cuisine-personnalisable-recettes/dp/B08TLKW1J3/ref=sr_1_245?dchild=1&keywords=livre+robot+recettes+minceur&qid=1618535340&sr=8-245
236,On fait quoi pour le dîner Spécial recettes végétariennes Mémoniak 2019,['Broché —€€'],"4,2",11,https://www.amazon.fr//d%C3%AEner-Sp%C3%A9cial-recettes-v%C3%A9g%C3%A9tariennes-M%C3%A9moniak/dp/2377610587/ref=sr_1_246?dchild=1&keywords=livre+robot+recettes+minceur&qid=1618535340&sr=8-246
237,Vegan facile et bon au robot cuiseur,['Broché —€€'],None,None,https://www.amazon.fr//Vegan-facile-bon-robot-cuiseur/dp/2359344862/ref=sr_1_247?dchild=1&keywords=livre+robot+recettes+minceur&qid=1618535340&sr=8-247
238,Boissons remèdes,"['Broché 10,50€€']","4,7",14,https://www.amazon.fr//gp/slredirect/picassoRedirect.html/ref=pa_sp_mtf_aps_sr_pg6_1?ie=UTF8&adId=A08149252LI8N3YNOX2AY&url=%2FBoissons-rem%25C3%25A8des-Anne-Mcintyre%2Fdp%2F2761948297%2Fref%3Dsr_1_248_sspa%3Fdchild%3D1%26keywords%3Dlivre%2Brobot%2Brecettes%2Bminceur%26qid%3D1618535340%26sr%3D8-248-spons%26psc%3D1&qualifier=1618535340&id=2528079700349319&widgetName=sp_mtf
239,Mincir sainement avec le régime Okinawa: Les secrets pour vivre en forme jusqu’à 100 ans et plus - Inclus 21 recettes minceur,"['Format Kindle 4,99€€', 'Broché 8,99€€']","3,9",104,https://www.amazon.fr//gp/slredirect/picassoRedirect.html/ref=pa_sp_mtf_aps_sr_pg6_1?ie=UTF8&adId=A040933810YLKLVJPA4UE&url=%2FMincir-sainement-avec-r%25C3%25A9gime-Okinawa-ebook%2Fdp%2FB01B4MIVXU%2Fref%3Dsr_1_249_sspa%3Fdchild%3D1%26keywords%3Dlivre%2Brobot%2Brecettes%2Bminceur%26qid%3D1618535340%26sr%3D8-249-spons%26psc%3D1&qualifier=1618535340&id=2528079700349319&widgetName=sp_mtf
240,Agenda minceur 90 jours - mon suivi alimentaire détaillé: v2-1 Cahier régime | 90 jours pour maigrir | carnet regime à compléter sur 90 jours | 21cm x ... broché | planificateur fond gris anthracite,"['Broché 7,99€€']",None,None,https://www.amazon.fr//gp/slredirect/picassoRedirect.html/ref=pa_sp_mtf_aps_sr_pg6_1?ie=UTF8&adId=A08297751Q8OW6YQJ6ONW&url=%2FAgenda-minceur-jours-alimentaire-planificateur%2Fdp%2FB08C94RKBT%2Fref%3Dsr_1_250_sspa%3Fdchild%3D1%26keywords%3Dlivre%2Brobot%2Brecettes%2Bminceur%26qid%3D1618535340%26sr%3D8-250-spons%26psc%3D1&qualifier=1618535340&id=2528079700349319&widgetName=sp_mtf
241,"Le Régime Cétogène: Perdez du poids efficacement avec le régime cétogène - inclus un programme de 14 jours, idéal aussi bien pour les débutants que pour les connaisseurs","['Format Kindle 3,95€€', 'Broché 7,95€€']","3,7",392,https://www.amazon.fr//gp/slredirect/picassoRedirect.html/ref=pa_sp_mtf_aps_sr_pg6_1?ie=UTF8&adId=A09823072S7BINM3N0QL3&url=%2FR%25C3%25A9gime-C%25C3%25A9tog%25C3%25A8ne-efficacement-programme-connaisseurs%2Fdp%2FB087SN2SSW%2Fref%3Dsr_1_251_sspa%3Fdchild%3D1%26keywords%3Dlivre%2Brobot%2Brecettes%2Bminceur%26qid%3D1618535340%26sr%3D8-251-spons%26psc%3D1&qualifier=1618535340&id=2528079700349319&widgetName=sp_mtf
242,Cookeo : Ma cuisine au Robot cuiseur: Recettes Inratables au Quotidien Rapides et faciles,"['Broché 9,95€€']",None,None,https://www.amazon.fr//gp/slredirect/picassoRedirect.html/ref=pa_sp_btf_aps_sr_pg6_1?ie=UTF8&adId=A00242342AHRMQK5ESKB0&url=%2FCookeo-cuisine-Recettes-Inratables-Quotidien%2Fdp%2FB091WJBHKR%2Fref%3Dsr_1_252_sspa%3Fdchild%3D1%26keywords%3Dlivre%2Brobot%2Brecettes%2Bminceur%26qid%3D1618535340%26sr%3D8-252-spons%26psc%3D1&qualifier=1618535340&id=2528079700349319&widgetName=sp_btf
243,Cuisine Avec Thermomix 150 Recettes Faciles et Rapides,"['Broché 11,95€€', 'Format Kindle 5,99€€']","4,3",13,https://www.amazon.fr//gp/slredirect/picassoRedirect.html/ref=pa_sp_btf_aps_sr_pg6_1?ie=UTF8&adId=A028838222Y5EW4D6REUH&url=%2FCuisine-Thermomix-Recettes-Faciles-Rapides%2Fdp%2FB088S9NKK3%2Fref%3Dsr_1_253_sspa%3Fdchild%3D1%26keywords%3Dlivre%2Brobot%2Brecettes%2Bminceur%26qid%3D1618535340%26sr%3D8-253-spons%26psc%3D1&qualifier=1618535340&id=2528079700349319&widgetName=sp_btf
244,Régime Alimentaire À Faible Teneur En Glucides Pour Débutants: Le Guide Ultime Du Régime À Faible Teneur En Glucides - Ce Qu'il Faut Manger Et Éviter + 50 Recettes Éprouvées Pour Perdre Du Poids,"['Broché 19,95€€', 'Format Kindle 6,95€€']","4,0",2,https://www.amazon.fr//gp/slredirect/picassoRedirect.html/ref=pa_sp_btf_aps_sr_pg6_1?ie=UTF8&adId=A104685733AO4M1KK0X8I&url=%2FR%25C3%25A9gime-Alimentaire-Faible-Glucides-D%25C3%25A9butants%2Fdp%2F1774351196%2Fref%3Dsr_1_254_sspa%3Fdchild%3D1%26keywords%3Dlivre%2Brobot%2Brecettes%2Bminceur%26qid%3D1618535340%26sr%3D8-254-spons%26psc%3D1&qualifier=1618535340&id=2528079700349319&widgetName=sp_btf
245,Carnet suivi perte de poids | Fitness Edition - 365 jours suivi simple et efficace : Suivre chaque jour l’évolution de vos objectifs minceur ou santé,"['Broché 6,93€€']","3,9",3,https://www.amazon.fr//gp/slredirect/picassoRedirect.html/ref=pa_sp_btf_aps_sr_pg6_1?ie=UTF8&adId=A02591813IXEEY9ZU3PCD&url=%2FCarnet-suivi-perte-poids-Fitness%2Fdp%2FB08HGNS644%2Fref%3Dsr_1_255_sspa%3Fdchild%3D1%26keywords%3Dlivre%2Brobot%2Brecettes%2Bminceur%26qid%3D1618535340%26sr%3D8-255-spons%26psc%3D1&qualifier=1618535340&id=2528079700349319&widgetName=sp_btf
